[
  {
    "model": "admin.logentry",
    "pk": 1,
    "fields": {
      "action_time": "2023-02-11T11:39:44.559Z",
      "user": 1,
      "content_type": 10,
      "object_id": "18",
      "object_repr": "Match object (18)",
      "action_flag": 3,
      "change_message": ""
    }
  },
  {
    "model": "admin.logentry",
    "pk": 2,
    "fields": {
      "action_time": "2023-02-11T11:39:44.621Z",
      "user": 1,
      "content_type": 10,
      "object_id": "17",
      "object_repr": "Match object (17)",
      "action_flag": 3,
      "change_message": ""
    }
  },
  {
    "model": "admin.logentry",
    "pk": 3,
    "fields": {
      "action_time": "2023-02-11T11:39:44.670Z",
      "user": 1,
      "content_type": 10,
      "object_id": "16",
      "object_repr": "Match object (16)",
      "action_flag": 3,
      "change_message": ""
    }
  },
  {
    "model": "admin.logentry",
    "pk": 4,
    "fields": {
      "action_time": "2023-02-11T11:39:44.718Z",
      "user": 1,
      "content_type": 10,
      "object_id": "15",
      "object_repr": "Match object (15)",
      "action_flag": 3,
      "change_message": ""
    }
  },
  {
    "model": "admin.logentry",
    "pk": 5,
    "fields": {
      "action_time": "2023-02-11T11:39:44.766Z",
      "user": 1,
      "content_type": 10,
      "object_id": "14",
      "object_repr": "Match object (14)",
      "action_flag": 3,
      "change_message": ""
    }
  },
  {
    "model": "admin.logentry",
    "pk": 6,
    "fields": {
      "action_time": "2023-02-11T11:39:44.815Z",
      "user": 1,
      "content_type": 10,
      "object_id": "13",
      "object_repr": "Match object (13)",
      "action_flag": 3,
      "change_message": ""
    }
  },
  {
    "model": "admin.logentry",
    "pk": 7,
    "fields": {
      "action_time": "2023-02-11T11:39:44.863Z",
      "user": 1,
      "content_type": 10,
      "object_id": "12",
      "object_repr": "Match object (12)",
      "action_flag": 3,
      "change_message": ""
    }
  },
  {
    "model": "admin.logentry",
    "pk": 8,
    "fields": {
      "action_time": "2023-02-11T11:39:44.935Z",
      "user": 1,
      "content_type": 10,
      "object_id": "11",
      "object_repr": "Match object (11)",
      "action_flag": 3,
      "change_message": ""
    }
  },
  {
    "model": "admin.logentry",
    "pk": 9,
    "fields": {
      "action_time": "2023-02-11T11:39:44.983Z",
      "user": 1,
      "content_type": 10,
      "object_id": "10",
      "object_repr": "Match object (10)",
      "action_flag": 3,
      "change_message": ""
    }
  },
  {
    "model": "admin.logentry",
    "pk": 10,
    "fields": {
      "action_time": "2023-02-11T12:16:11.325Z",
      "user": 1,
      "content_type": 10,
      "object_id": "36",
      "object_repr": "Match object (36)",
      "action_flag": 3,
      "change_message": ""
    }
  },
  {
    "model": "admin.logentry",
    "pk": 11,
    "fields": {
      "action_time": "2023-02-11T12:16:11.381Z",
      "user": 1,
      "content_type": 10,
      "object_id": "35",
      "object_repr": "Match object (35)",
      "action_flag": 3,
      "change_message": ""
    }
  },
  {
    "model": "admin.logentry",
    "pk": 12,
    "fields": {
      "action_time": "2023-02-11T12:16:11.429Z",
      "user": 1,
      "content_type": 10,
      "object_id": "34",
      "object_repr": "Match object (34)",
      "action_flag": 3,
      "change_message": ""
    }
  },
  {
    "model": "admin.logentry",
    "pk": 13,
    "fields": {
      "action_time": "2023-02-11T12:16:11.477Z",
      "user": 1,
      "content_type": 10,
      "object_id": "33",
      "object_repr": "Match object (33)",
      "action_flag": 3,
      "change_message": ""
    }
  },
  {
    "model": "admin.logentry",
    "pk": 14,
    "fields": {
      "action_time": "2023-02-11T12:16:11.526Z",
      "user": 1,
      "content_type": 10,
      "object_id": "32",
      "object_repr": "Match object (32)",
      "action_flag": 3,
      "change_message": ""
    }
  },
  {
    "model": "admin.logentry",
    "pk": 15,
    "fields": {
      "action_time": "2023-02-11T12:16:11.574Z",
      "user": 1,
      "content_type": 10,
      "object_id": "31",
      "object_repr": "Match object (31)",
      "action_flag": 3,
      "change_message": ""
    }
  },
  {
    "model": "admin.logentry",
    "pk": 16,
    "fields": {
      "action_time": "2023-02-11T12:16:11.623Z",
      "user": 1,
      "content_type": 10,
      "object_id": "30",
      "object_repr": "Match object (30)",
      "action_flag": 3,
      "change_message": ""
    }
  },
  {
    "model": "admin.logentry",
    "pk": 17,
    "fields": {
      "action_time": "2023-02-11T12:16:11.671Z",
      "user": 1,
      "content_type": 10,
      "object_id": "29",
      "object_repr": "Match object (29)",
      "action_flag": 3,
      "change_message": ""
    }
  },
  {
    "model": "admin.logentry",
    "pk": 18,
    "fields": {
      "action_time": "2023-02-11T12:16:11.719Z",
      "user": 1,
      "content_type": 10,
      "object_id": "28",
      "object_repr": "Match object (28)",
      "action_flag": 3,
      "change_message": ""
    }
  },
  {
    "model": "admin.logentry",
    "pk": 19,
    "fields": {
      "action_time": "2023-02-11T12:16:11.768Z",
      "user": 1,
      "content_type": 10,
      "object_id": "27",
      "object_repr": "Match object (27)",
      "action_flag": 3,
      "change_message": ""
    }
  },
  {
    "model": "admin.logentry",
    "pk": 20,
    "fields": {
      "action_time": "2023-02-11T12:16:11.824Z",
      "user": 1,
      "content_type": 10,
      "object_id": "26",
      "object_repr": "Match object (26)",
      "action_flag": 3,
      "change_message": ""
    }
  },
  {
    "model": "admin.logentry",
    "pk": 21,
    "fields": {
      "action_time": "2023-02-11T12:16:11.873Z",
      "user": 1,
      "content_type": 10,
      "object_id": "25",
      "object_repr": "Match object (25)",
      "action_flag": 3,
      "change_message": ""
    }
  },
  {
    "model": "admin.logentry",
    "pk": 22,
    "fields": {
      "action_time": "2023-02-11T12:16:11.922Z",
      "user": 1,
      "content_type": 10,
      "object_id": "24",
      "object_repr": "Match object (24)",
      "action_flag": 3,
      "change_message": ""
    }
  },
  {
    "model": "admin.logentry",
    "pk": 23,
    "fields": {
      "action_time": "2023-02-11T12:16:11.969Z",
      "user": 1,
      "content_type": 10,
      "object_id": "23",
      "object_repr": "Match object (23)",
      "action_flag": 3,
      "change_message": ""
    }
  },
  {
    "model": "admin.logentry",
    "pk": 24,
    "fields": {
      "action_time": "2023-02-11T12:16:12.114Z",
      "user": 1,
      "content_type": 10,
      "object_id": "22",
      "object_repr": "Match object (22)",
      "action_flag": 3,
      "change_message": ""
    }
  },
  {
    "model": "admin.logentry",
    "pk": 25,
    "fields": {
      "action_time": "2023-02-11T12:16:12.253Z",
      "user": 1,
      "content_type": 10,
      "object_id": "21",
      "object_repr": "Match object (21)",
      "action_flag": 3,
      "change_message": ""
    }
  },
  {
    "model": "admin.logentry",
    "pk": 26,
    "fields": {
      "action_time": "2023-02-11T12:16:13.110Z",
      "user": 1,
      "content_type": 10,
      "object_id": "20",
      "object_repr": "Match object (20)",
      "action_flag": 3,
      "change_message": ""
    }
  },
  {
    "model": "admin.logentry",
    "pk": 27,
    "fields": {
      "action_time": "2023-02-11T12:16:13.996Z",
      "user": 1,
      "content_type": 10,
      "object_id": "19",
      "object_repr": "Match object (19)",
      "action_flag": 3,
      "change_message": ""
    }
  },
  {
    "model": "admin.logentry",
    "pk": 28,
    "fields": {
      "action_time": "2023-02-11T12:21:30.176Z",
      "user": 1,
      "content_type": 10,
      "object_id": "48",
      "object_repr": "Match object (48)",
      "action_flag": 3,
      "change_message": ""
    }
  },
  {
    "model": "admin.logentry",
    "pk": 29,
    "fields": {
      "action_time": "2023-02-11T12:21:30.224Z",
      "user": 1,
      "content_type": 10,
      "object_id": "47",
      "object_repr": "Match object (47)",
      "action_flag": 3,
      "change_message": ""
    }
  },
  {
    "model": "admin.logentry",
    "pk": 30,
    "fields": {
      "action_time": "2023-02-11T12:21:30.273Z",
      "user": 1,
      "content_type": 10,
      "object_id": "46",
      "object_repr": "Match object (46)",
      "action_flag": 3,
      "change_message": ""
    }
  },
  {
    "model": "admin.logentry",
    "pk": 31,
    "fields": {
      "action_time": "2023-02-11T12:21:30.321Z",
      "user": 1,
      "content_type": 10,
      "object_id": "45",
      "object_repr": "Match object (45)",
      "action_flag": 3,
      "change_message": ""
    }
  },
  {
    "model": "admin.logentry",
    "pk": 32,
    "fields": {
      "action_time": "2023-02-11T12:21:30.370Z",
      "user": 1,
      "content_type": 10,
      "object_id": "44",
      "object_repr": "Match object (44)",
      "action_flag": 3,
      "change_message": ""
    }
  },
  {
    "model": "admin.logentry",
    "pk": 33,
    "fields": {
      "action_time": "2023-02-11T12:21:30.419Z",
      "user": 1,
      "content_type": 10,
      "object_id": "43",
      "object_repr": "Match object (43)",
      "action_flag": 3,
      "change_message": ""
    }
  },
  {
    "model": "admin.logentry",
    "pk": 34,
    "fields": {
      "action_time": "2023-02-11T12:21:30.466Z",
      "user": 1,
      "content_type": 10,
      "object_id": "42",
      "object_repr": "Match object (42)",
      "action_flag": 3,
      "change_message": ""
    }
  },
  {
    "model": "admin.logentry",
    "pk": 35,
    "fields": {
      "action_time": "2023-02-11T12:21:30.515Z",
      "user": 1,
      "content_type": 10,
      "object_id": "41",
      "object_repr": "Match object (41)",
      "action_flag": 3,
      "change_message": ""
    }
  },
  {
    "model": "admin.logentry",
    "pk": 36,
    "fields": {
      "action_time": "2023-02-11T12:21:30.564Z",
      "user": 1,
      "content_type": 10,
      "object_id": "40",
      "object_repr": "Match object (40)",
      "action_flag": 3,
      "change_message": ""
    }
  },
  {
    "model": "admin.logentry",
    "pk": 37,
    "fields": {
      "action_time": "2023-02-11T12:21:30.611Z",
      "user": 1,
      "content_type": 10,
      "object_id": "39",
      "object_repr": "Match object (39)",
      "action_flag": 3,
      "change_message": ""
    }
  },
  {
    "model": "admin.logentry",
    "pk": 38,
    "fields": {
      "action_time": "2023-02-11T12:21:30.660Z",
      "user": 1,
      "content_type": 10,
      "object_id": "38",
      "object_repr": "Match object (38)",
      "action_flag": 3,
      "change_message": ""
    }
  },
  {
    "model": "admin.logentry",
    "pk": 39,
    "fields": {
      "action_time": "2023-02-11T12:21:30.708Z",
      "user": 1,
      "content_type": 10,
      "object_id": "37",
      "object_repr": "Match object (37)",
      "action_flag": 3,
      "change_message": ""
    }
  },
  {
    "model": "admin.logentry",
    "pk": 40,
    "fields": {
      "action_time": "2023-02-11T12:23:41.384Z",
      "user": 1,
      "content_type": 10,
      "object_id": "60",
      "object_repr": "Match object (60)",
      "action_flag": 3,
      "change_message": ""
    }
  },
  {
    "model": "admin.logentry",
    "pk": 41,
    "fields": {
      "action_time": "2023-02-11T12:23:41.440Z",
      "user": 1,
      "content_type": 10,
      "object_id": "59",
      "object_repr": "Match object (59)",
      "action_flag": 3,
      "change_message": ""
    }
  },
  {
    "model": "admin.logentry",
    "pk": 42,
    "fields": {
      "action_time": "2023-02-11T12:23:41.488Z",
      "user": 1,
      "content_type": 10,
      "object_id": "58",
      "object_repr": "Match object (58)",
      "action_flag": 3,
      "change_message": ""
    }
  },
  {
    "model": "admin.logentry",
    "pk": 43,
    "fields": {
      "action_time": "2023-02-11T12:23:41.537Z",
      "user": 1,
      "content_type": 10,
      "object_id": "57",
      "object_repr": "Match object (57)",
      "action_flag": 3,
      "change_message": ""
    }
  },
  {
    "model": "admin.logentry",
    "pk": 44,
    "fields": {
      "action_time": "2023-02-11T12:23:41.609Z",
      "user": 1,
      "content_type": 10,
      "object_id": "56",
      "object_repr": "Match object (56)",
      "action_flag": 3,
      "change_message": ""
    }
  },
  {
    "model": "admin.logentry",
    "pk": 45,
    "fields": {
      "action_time": "2023-02-11T12:23:41.657Z",
      "user": 1,
      "content_type": 10,
      "object_id": "55",
      "object_repr": "Match object (55)",
      "action_flag": 3,
      "change_message": ""
    }
  },
  {
    "model": "admin.logentry",
    "pk": 46,
    "fields": {
      "action_time": "2023-02-11T12:23:41.705Z",
      "user": 1,
      "content_type": 10,
      "object_id": "54",
      "object_repr": "Match object (54)",
      "action_flag": 3,
      "change_message": ""
    }
  },
  {
    "model": "admin.logentry",
    "pk": 47,
    "fields": {
      "action_time": "2023-02-11T12:23:41.754Z",
      "user": 1,
      "content_type": 10,
      "object_id": "53",
      "object_repr": "Match object (53)",
      "action_flag": 3,
      "change_message": ""
    }
  },
  {
    "model": "admin.logentry",
    "pk": 48,
    "fields": {
      "action_time": "2023-02-11T12:23:41.803Z",
      "user": 1,
      "content_type": 10,
      "object_id": "52",
      "object_repr": "Match object (52)",
      "action_flag": 3,
      "change_message": ""
    }
  },
  {
    "model": "admin.logentry",
    "pk": 49,
    "fields": {
      "action_time": "2023-02-11T12:23:41.850Z",
      "user": 1,
      "content_type": 10,
      "object_id": "51",
      "object_repr": "Match object (51)",
      "action_flag": 3,
      "change_message": ""
    }
  },
  {
    "model": "admin.logentry",
    "pk": 50,
    "fields": {
      "action_time": "2023-02-11T12:23:41.899Z",
      "user": 1,
      "content_type": 10,
      "object_id": "50",
      "object_repr": "Match object (50)",
      "action_flag": 3,
      "change_message": ""
    }
  },
  {
    "model": "admin.logentry",
    "pk": 51,
    "fields": {
      "action_time": "2023-02-11T12:23:41.956Z",
      "user": 1,
      "content_type": 10,
      "object_id": "49",
      "object_repr": "Match object (49)",
      "action_flag": 3,
      "change_message": ""
    }
  },
  {
    "model": "admin.logentry",
    "pk": 52,
    "fields": {
      "action_time": "2023-02-11T12:27:23.008Z",
      "user": 1,
      "content_type": 10,
      "object_id": "75",
      "object_repr": "Match object (75)",
      "action_flag": 3,
      "change_message": ""
    }
  },
  {
    "model": "admin.logentry",
    "pk": 53,
    "fields": {
      "action_time": "2023-02-11T12:27:23.057Z",
      "user": 1,
      "content_type": 10,
      "object_id": "74",
      "object_repr": "Match object (74)",
      "action_flag": 3,
      "change_message": ""
    }
  },
  {
    "model": "admin.logentry",
    "pk": 54,
    "fields": {
      "action_time": "2023-02-11T12:27:23.105Z",
      "user": 1,
      "content_type": 10,
      "object_id": "73",
      "object_repr": "Match object (73)",
      "action_flag": 3,
      "change_message": ""
    }
  },
  {
    "model": "admin.logentry",
    "pk": 55,
    "fields": {
      "action_time": "2023-02-11T12:27:23.154Z",
      "user": 1,
      "content_type": 10,
      "object_id": "72",
      "object_repr": "Match object (72)",
      "action_flag": 3,
      "change_message": ""
    }
  },
  {
    "model": "admin.logentry",
    "pk": 56,
    "fields": {
      "action_time": "2023-02-11T12:27:23.202Z",
      "user": 1,
      "content_type": 10,
      "object_id": "71",
      "object_repr": "Match object (71)",
      "action_flag": 3,
      "change_message": ""
    }
  },
  {
    "model": "admin.logentry",
    "pk": 57,
    "fields": {
      "action_time": "2023-02-11T12:27:23.251Z",
      "user": 1,
      "content_type": 10,
      "object_id": "70",
      "object_repr": "Match object (70)",
      "action_flag": 3,
      "change_message": ""
    }
  },
  {
    "model": "admin.logentry",
    "pk": 58,
    "fields": {
      "action_time": "2023-02-11T12:27:23.299Z",
      "user": 1,
      "content_type": 10,
      "object_id": "69",
      "object_repr": "Match object (69)",
      "action_flag": 3,
      "change_message": ""
    }
  },
  {
    "model": "admin.logentry",
    "pk": 59,
    "fields": {
      "action_time": "2023-02-11T12:27:23.347Z",
      "user": 1,
      "content_type": 10,
      "object_id": "68",
      "object_repr": "Match object (68)",
      "action_flag": 3,
      "change_message": ""
    }
  },
  {
    "model": "admin.logentry",
    "pk": 60,
    "fields": {
      "action_time": "2023-02-11T12:27:23.395Z",
      "user": 1,
      "content_type": 10,
      "object_id": "67",
      "object_repr": "Match object (67)",
      "action_flag": 3,
      "change_message": ""
    }
  },
  {
    "model": "admin.logentry",
    "pk": 61,
    "fields": {
      "action_time": "2023-02-11T12:27:23.443Z",
      "user": 1,
      "content_type": 10,
      "object_id": "66",
      "object_repr": "Match object (66)",
      "action_flag": 3,
      "change_message": ""
    }
  },
  {
    "model": "admin.logentry",
    "pk": 62,
    "fields": {
      "action_time": "2023-02-11T12:27:23.492Z",
      "user": 1,
      "content_type": 10,
      "object_id": "65",
      "object_repr": "Match object (65)",
      "action_flag": 3,
      "change_message": ""
    }
  },
  {
    "model": "admin.logentry",
    "pk": 63,
    "fields": {
      "action_time": "2023-02-11T12:27:23.541Z",
      "user": 1,
      "content_type": 10,
      "object_id": "64",
      "object_repr": "Match object (64)",
      "action_flag": 3,
      "change_message": ""
    }
  },
  {
    "model": "admin.logentry",
    "pk": 64,
    "fields": {
      "action_time": "2023-02-11T12:27:23.593Z",
      "user": 1,
      "content_type": 10,
      "object_id": "63",
      "object_repr": "Match object (63)",
      "action_flag": 3,
      "change_message": ""
    }
  },
  {
    "model": "admin.logentry",
    "pk": 65,
    "fields": {
      "action_time": "2023-02-11T12:27:23.641Z",
      "user": 1,
      "content_type": 10,
      "object_id": "62",
      "object_repr": "Match object (62)",
      "action_flag": 3,
      "change_message": ""
    }
  },
  {
    "model": "admin.logentry",
    "pk": 66,
    "fields": {
      "action_time": "2023-02-11T12:27:23.690Z",
      "user": 1,
      "content_type": 10,
      "object_id": "61",
      "object_repr": "Match object (61)",
      "action_flag": 3,
      "change_message": ""
    }
  },
  {
    "model": "admin.logentry",
    "pk": 67,
    "fields": {
      "action_time": "2023-02-11T12:31:42.903Z",
      "user": 1,
      "content_type": 10,
      "object_id": "90",
      "object_repr": "Match object (90)",
      "action_flag": 3,
      "change_message": ""
    }
  },
  {
    "model": "admin.logentry",
    "pk": 68,
    "fields": {
      "action_time": "2023-02-11T12:31:42.968Z",
      "user": 1,
      "content_type": 10,
      "object_id": "89",
      "object_repr": "Match object (89)",
      "action_flag": 3,
      "change_message": ""
    }
  },
  {
    "model": "admin.logentry",
    "pk": 69,
    "fields": {
      "action_time": "2023-02-11T12:31:43.017Z",
      "user": 1,
      "content_type": 10,
      "object_id": "88",
      "object_repr": "Match object (88)",
      "action_flag": 3,
      "change_message": ""
    }
  },
  {
    "model": "admin.logentry",
    "pk": 70,
    "fields": {
      "action_time": "2023-02-11T12:31:43.077Z",
      "user": 1,
      "content_type": 10,
      "object_id": "87",
      "object_repr": "Match object (87)",
      "action_flag": 3,
      "change_message": ""
    }
  },
  {
    "model": "admin.logentry",
    "pk": 71,
    "fields": {
      "action_time": "2023-02-11T12:31:43.125Z",
      "user": 1,
      "content_type": 10,
      "object_id": "86",
      "object_repr": "Match object (86)",
      "action_flag": 3,
      "change_message": ""
    }
  },
  {
    "model": "admin.logentry",
    "pk": 72,
    "fields": {
      "action_time": "2023-02-11T12:31:43.174Z",
      "user": 1,
      "content_type": 10,
      "object_id": "85",
      "object_repr": "Match object (85)",
      "action_flag": 3,
      "change_message": ""
    }
  },
  {
    "model": "admin.logentry",
    "pk": 73,
    "fields": {
      "action_time": "2023-02-11T12:31:43.222Z",
      "user": 1,
      "content_type": 10,
      "object_id": "84",
      "object_repr": "Match object (84)",
      "action_flag": 3,
      "change_message": ""
    }
  },
  {
    "model": "admin.logentry",
    "pk": 74,
    "fields": {
      "action_time": "2023-02-11T12:31:43.270Z",
      "user": 1,
      "content_type": 10,
      "object_id": "83",
      "object_repr": "Match object (83)",
      "action_flag": 3,
      "change_message": ""
    }
  },
  {
    "model": "admin.logentry",
    "pk": 75,
    "fields": {
      "action_time": "2023-02-11T12:31:43.327Z",
      "user": 1,
      "content_type": 10,
      "object_id": "82",
      "object_repr": "Match object (82)",
      "action_flag": 3,
      "change_message": ""
    }
  },
  {
    "model": "admin.logentry",
    "pk": 76,
    "fields": {
      "action_time": "2023-02-11T12:31:43.375Z",
      "user": 1,
      "content_type": 10,
      "object_id": "81",
      "object_repr": "Match object (81)",
      "action_flag": 3,
      "change_message": ""
    }
  },
  {
    "model": "admin.logentry",
    "pk": 77,
    "fields": {
      "action_time": "2023-02-11T12:31:43.424Z",
      "user": 1,
      "content_type": 10,
      "object_id": "80",
      "object_repr": "Match object (80)",
      "action_flag": 3,
      "change_message": ""
    }
  },
  {
    "model": "admin.logentry",
    "pk": 78,
    "fields": {
      "action_time": "2023-02-11T12:31:43.472Z",
      "user": 1,
      "content_type": 10,
      "object_id": "79",
      "object_repr": "Match object (79)",
      "action_flag": 3,
      "change_message": ""
    }
  },
  {
    "model": "admin.logentry",
    "pk": 79,
    "fields": {
      "action_time": "2023-02-11T12:31:43.520Z",
      "user": 1,
      "content_type": 10,
      "object_id": "78",
      "object_repr": "Match object (78)",
      "action_flag": 3,
      "change_message": ""
    }
  },
  {
    "model": "admin.logentry",
    "pk": 80,
    "fields": {
      "action_time": "2023-02-11T12:31:43.569Z",
      "user": 1,
      "content_type": 10,
      "object_id": "77",
      "object_repr": "Match object (77)",
      "action_flag": 3,
      "change_message": ""
    }
  },
  {
    "model": "admin.logentry",
    "pk": 81,
    "fields": {
      "action_time": "2023-02-11T12:31:43.617Z",
      "user": 1,
      "content_type": 10,
      "object_id": "76",
      "object_repr": "Match object (76)",
      "action_flag": 3,
      "change_message": ""
    }
  },
  {
    "model": "admin.logentry",
    "pk": 82,
    "fields": {
      "action_time": "2023-02-11T12:37:47.418Z",
      "user": 1,
      "content_type": 10,
      "object_id": "105",
      "object_repr": "Match object (105)",
      "action_flag": 3,
      "change_message": ""
    }
  },
  {
    "model": "admin.logentry",
    "pk": 83,
    "fields": {
      "action_time": "2023-02-11T12:37:47.470Z",
      "user": 1,
      "content_type": 10,
      "object_id": "104",
      "object_repr": "Match object (104)",
      "action_flag": 3,
      "change_message": ""
    }
  },
  {
    "model": "admin.logentry",
    "pk": 84,
    "fields": {
      "action_time": "2023-02-11T12:37:47.519Z",
      "user": 1,
      "content_type": 10,
      "object_id": "103",
      "object_repr": "Match object (103)",
      "action_flag": 3,
      "change_message": ""
    }
  },
  {
    "model": "admin.logentry",
    "pk": 85,
    "fields": {
      "action_time": "2023-02-11T12:37:47.567Z",
      "user": 1,
      "content_type": 10,
      "object_id": "102",
      "object_repr": "Match object (102)",
      "action_flag": 3,
      "change_message": ""
    }
  },
  {
    "model": "admin.logentry",
    "pk": 86,
    "fields": {
      "action_time": "2023-02-11T12:37:47.615Z",
      "user": 1,
      "content_type": 10,
      "object_id": "101",
      "object_repr": "Match object (101)",
      "action_flag": 3,
      "change_message": ""
    }
  },
  {
    "model": "admin.logentry",
    "pk": 87,
    "fields": {
      "action_time": "2023-02-11T12:37:47.664Z",
      "user": 1,
      "content_type": 10,
      "object_id": "100",
      "object_repr": "Match object (100)",
      "action_flag": 3,
      "change_message": ""
    }
  },
  {
    "model": "admin.logentry",
    "pk": 88,
    "fields": {
      "action_time": "2023-02-11T12:37:47.712Z",
      "user": 1,
      "content_type": 10,
      "object_id": "99",
      "object_repr": "Match object (99)",
      "action_flag": 3,
      "change_message": ""
    }
  },
  {
    "model": "admin.logentry",
    "pk": 89,
    "fields": {
      "action_time": "2023-02-11T12:37:47.760Z",
      "user": 1,
      "content_type": 10,
      "object_id": "98",
      "object_repr": "Match object (98)",
      "action_flag": 3,
      "change_message": ""
    }
  },
  {
    "model": "admin.logentry",
    "pk": 90,
    "fields": {
      "action_time": "2023-02-11T12:37:47.808Z",
      "user": 1,
      "content_type": 10,
      "object_id": "97",
      "object_repr": "Match object (97)",
      "action_flag": 3,
      "change_message": ""
    }
  },
  {
    "model": "admin.logentry",
    "pk": 91,
    "fields": {
      "action_time": "2023-02-11T12:37:47.889Z",
      "user": 1,
      "content_type": 10,
      "object_id": "96",
      "object_repr": "Match object (96)",
      "action_flag": 3,
      "change_message": ""
    }
  },
  {
    "model": "admin.logentry",
    "pk": 92,
    "fields": {
      "action_time": "2023-02-11T12:37:47.937Z",
      "user": 1,
      "content_type": 10,
      "object_id": "95",
      "object_repr": "Match object (95)",
      "action_flag": 3,
      "change_message": ""
    }
  },
  {
    "model": "admin.logentry",
    "pk": 93,
    "fields": {
      "action_time": "2023-02-11T12:37:47.986Z",
      "user": 1,
      "content_type": 10,
      "object_id": "94",
      "object_repr": "Match object (94)",
      "action_flag": 3,
      "change_message": ""
    }
  },
  {
    "model": "admin.logentry",
    "pk": 94,
    "fields": {
      "action_time": "2023-02-11T12:37:48.034Z",
      "user": 1,
      "content_type": 10,
      "object_id": "93",
      "object_repr": "Match object (93)",
      "action_flag": 3,
      "change_message": ""
    }
  },
  {
    "model": "admin.logentry",
    "pk": 95,
    "fields": {
      "action_time": "2023-02-11T12:37:48.082Z",
      "user": 1,
      "content_type": 10,
      "object_id": "92",
      "object_repr": "Match object (92)",
      "action_flag": 3,
      "change_message": ""
    }
  },
  {
    "model": "admin.logentry",
    "pk": 96,
    "fields": {
      "action_time": "2023-02-11T12:37:48.131Z",
      "user": 1,
      "content_type": 10,
      "object_id": "91",
      "object_repr": "Match object (91)",
      "action_flag": 3,
      "change_message": ""
    }
  },
  {
    "model": "admin.logentry",
    "pk": 97,
    "fields": {
      "action_time": "2023-02-11T12:43:10.508Z",
      "user": 1,
      "content_type": 10,
      "object_id": "195",
      "object_repr": "Match object (195)",
      "action_flag": 3,
      "change_message": ""
    }
  },
  {
    "model": "admin.logentry",
    "pk": 98,
    "fields": {
      "action_time": "2023-02-11T12:43:10.557Z",
      "user": 1,
      "content_type": 10,
      "object_id": "194",
      "object_repr": "Match object (194)",
      "action_flag": 3,
      "change_message": ""
    }
  },
  {
    "model": "admin.logentry",
    "pk": 99,
    "fields": {
      "action_time": "2023-02-11T12:43:10.605Z",
      "user": 1,
      "content_type": 10,
      "object_id": "193",
      "object_repr": "Match object (193)",
      "action_flag": 3,
      "change_message": ""
    }
  },
  {
    "model": "admin.logentry",
    "pk": 100,
    "fields": {
      "action_time": "2023-02-11T12:43:10.653Z",
      "user": 1,
      "content_type": 10,
      "object_id": "192",
      "object_repr": "Match object (192)",
      "action_flag": 3,
      "change_message": ""
    }
  },
  {
    "model": "admin.logentry",
    "pk": 101,
    "fields": {
      "action_time": "2023-02-11T12:43:10.702Z",
      "user": 1,
      "content_type": 10,
      "object_id": "191",
      "object_repr": "Match object (191)",
      "action_flag": 3,
      "change_message": ""
    }
  },
  {
    "model": "admin.logentry",
    "pk": 102,
    "fields": {
      "action_time": "2023-02-11T12:43:10.774Z",
      "user": 1,
      "content_type": 10,
      "object_id": "190",
      "object_repr": "Match object (190)",
      "action_flag": 3,
      "change_message": ""
    }
  },
  {
    "model": "admin.logentry",
    "pk": 103,
    "fields": {
      "action_time": "2023-02-11T12:43:10.823Z",
      "user": 1,
      "content_type": 10,
      "object_id": "189",
      "object_repr": "Match object (189)",
      "action_flag": 3,
      "change_message": ""
    }
  },
  {
    "model": "admin.logentry",
    "pk": 104,
    "fields": {
      "action_time": "2023-02-11T12:43:10.872Z",
      "user": 1,
      "content_type": 10,
      "object_id": "188",
      "object_repr": "Match object (188)",
      "action_flag": 3,
      "change_message": ""
    }
  },
  {
    "model": "admin.logentry",
    "pk": 105,
    "fields": {
      "action_time": "2023-02-11T12:43:10.919Z",
      "user": 1,
      "content_type": 10,
      "object_id": "187",
      "object_repr": "Match object (187)",
      "action_flag": 3,
      "change_message": ""
    }
  },
  {
    "model": "admin.logentry",
    "pk": 106,
    "fields": {
      "action_time": "2023-02-11T12:43:10.969Z",
      "user": 1,
      "content_type": 10,
      "object_id": "186",
      "object_repr": "Match object (186)",
      "action_flag": 3,
      "change_message": ""
    }
  },
  {
    "model": "admin.logentry",
    "pk": 107,
    "fields": {
      "action_time": "2023-02-11T12:43:11.016Z",
      "user": 1,
      "content_type": 10,
      "object_id": "185",
      "object_repr": "Match object (185)",
      "action_flag": 3,
      "change_message": ""
    }
  },
  {
    "model": "admin.logentry",
    "pk": 108,
    "fields": {
      "action_time": "2023-02-11T12:43:11.065Z",
      "user": 1,
      "content_type": 10,
      "object_id": "184",
      "object_repr": "Match object (184)",
      "action_flag": 3,
      "change_message": ""
    }
  },
  {
    "model": "admin.logentry",
    "pk": 109,
    "fields": {
      "action_time": "2023-02-11T12:43:11.114Z",
      "user": 1,
      "content_type": 10,
      "object_id": "183",
      "object_repr": "Match object (183)",
      "action_flag": 3,
      "change_message": ""
    }
  },
  {
    "model": "admin.logentry",
    "pk": 110,
    "fields": {
      "action_time": "2023-02-11T12:43:11.161Z",
      "user": 1,
      "content_type": 10,
      "object_id": "182",
      "object_repr": "Match object (182)",
      "action_flag": 3,
      "change_message": ""
    }
  },
  {
    "model": "admin.logentry",
    "pk": 111,
    "fields": {
      "action_time": "2023-02-11T12:43:11.210Z",
      "user": 1,
      "content_type": 10,
      "object_id": "181",
      "object_repr": "Match object (181)",
      "action_flag": 3,
      "change_message": ""
    }
  },
  {
    "model": "admin.logentry",
    "pk": 112,
    "fields": {
      "action_time": "2023-02-11T12:43:11.258Z",
      "user": 1,
      "content_type": 10,
      "object_id": "180",
      "object_repr": "Match object (180)",
      "action_flag": 3,
      "change_message": ""
    }
  },
  {
    "model": "admin.logentry",
    "pk": 113,
    "fields": {
      "action_time": "2023-02-11T12:43:11.307Z",
      "user": 1,
      "content_type": 10,
      "object_id": "179",
      "object_repr": "Match object (179)",
      "action_flag": 3,
      "change_message": ""
    }
  },
  {
    "model": "admin.logentry",
    "pk": 114,
    "fields": {
      "action_time": "2023-02-11T12:43:11.359Z",
      "user": 1,
      "content_type": 10,
      "object_id": "178",
      "object_repr": "Match object (178)",
      "action_flag": 3,
      "change_message": ""
    }
  },
  {
    "model": "admin.logentry",
    "pk": 115,
    "fields": {
      "action_time": "2023-02-11T12:43:11.415Z",
      "user": 1,
      "content_type": 10,
      "object_id": "177",
      "object_repr": "Match object (177)",
      "action_flag": 3,
      "change_message": ""
    }
  },
  {
    "model": "admin.logentry",
    "pk": 116,
    "fields": {
      "action_time": "2023-02-11T12:43:11.471Z",
      "user": 1,
      "content_type": 10,
      "object_id": "176",
      "object_repr": "Match object (176)",
      "action_flag": 3,
      "change_message": ""
    }
  },
  {
    "model": "admin.logentry",
    "pk": 117,
    "fields": {
      "action_time": "2023-02-11T12:43:11.526Z",
      "user": 1,
      "content_type": 10,
      "object_id": "175",
      "object_repr": "Match object (175)",
      "action_flag": 3,
      "change_message": ""
    }
  },
  {
    "model": "admin.logentry",
    "pk": 118,
    "fields": {
      "action_time": "2023-02-11T12:43:11.583Z",
      "user": 1,
      "content_type": 10,
      "object_id": "174",
      "object_repr": "Match object (174)",
      "action_flag": 3,
      "change_message": ""
    }
  },
  {
    "model": "admin.logentry",
    "pk": 119,
    "fields": {
      "action_time": "2023-02-11T12:43:11.638Z",
      "user": 1,
      "content_type": 10,
      "object_id": "173",
      "object_repr": "Match object (173)",
      "action_flag": 3,
      "change_message": ""
    }
  },
  {
    "model": "admin.logentry",
    "pk": 120,
    "fields": {
      "action_time": "2023-02-11T12:43:11.695Z",
      "user": 1,
      "content_type": 10,
      "object_id": "172",
      "object_repr": "Match object (172)",
      "action_flag": 3,
      "change_message": ""
    }
  },
  {
    "model": "admin.logentry",
    "pk": 121,
    "fields": {
      "action_time": "2023-02-11T12:43:11.750Z",
      "user": 1,
      "content_type": 10,
      "object_id": "171",
      "object_repr": "Match object (171)",
      "action_flag": 3,
      "change_message": ""
    }
  },
  {
    "model": "admin.logentry",
    "pk": 122,
    "fields": {
      "action_time": "2023-02-11T12:43:11.806Z",
      "user": 1,
      "content_type": 10,
      "object_id": "170",
      "object_repr": "Match object (170)",
      "action_flag": 3,
      "change_message": ""
    }
  },
  {
    "model": "admin.logentry",
    "pk": 123,
    "fields": {
      "action_time": "2023-02-11T12:43:11.862Z",
      "user": 1,
      "content_type": 10,
      "object_id": "169",
      "object_repr": "Match object (169)",
      "action_flag": 3,
      "change_message": ""
    }
  },
  {
    "model": "admin.logentry",
    "pk": 124,
    "fields": {
      "action_time": "2023-02-11T12:43:11.917Z",
      "user": 1,
      "content_type": 10,
      "object_id": "168",
      "object_repr": "Match object (168)",
      "action_flag": 3,
      "change_message": ""
    }
  },
  {
    "model": "admin.logentry",
    "pk": 125,
    "fields": {
      "action_time": "2023-02-11T12:43:12.005Z",
      "user": 1,
      "content_type": 10,
      "object_id": "167",
      "object_repr": "Match object (167)",
      "action_flag": 3,
      "change_message": ""
    }
  },
  {
    "model": "admin.logentry",
    "pk": 126,
    "fields": {
      "action_time": "2023-02-11T12:43:12.061Z",
      "user": 1,
      "content_type": 10,
      "object_id": "166",
      "object_repr": "Match object (166)",
      "action_flag": 3,
      "change_message": ""
    }
  },
  {
    "model": "admin.logentry",
    "pk": 127,
    "fields": {
      "action_time": "2023-02-11T12:43:12.116Z",
      "user": 1,
      "content_type": 10,
      "object_id": "165",
      "object_repr": "Match object (165)",
      "action_flag": 3,
      "change_message": ""
    }
  },
  {
    "model": "admin.logentry",
    "pk": 128,
    "fields": {
      "action_time": "2023-02-11T12:43:12.172Z",
      "user": 1,
      "content_type": 10,
      "object_id": "164",
      "object_repr": "Match object (164)",
      "action_flag": 3,
      "change_message": ""
    }
  },
  {
    "model": "admin.logentry",
    "pk": 129,
    "fields": {
      "action_time": "2023-02-11T12:43:12.229Z",
      "user": 1,
      "content_type": 10,
      "object_id": "163",
      "object_repr": "Match object (163)",
      "action_flag": 3,
      "change_message": ""
    }
  },
  {
    "model": "admin.logentry",
    "pk": 130,
    "fields": {
      "action_time": "2023-02-11T12:43:12.284Z",
      "user": 1,
      "content_type": 10,
      "object_id": "162",
      "object_repr": "Match object (162)",
      "action_flag": 3,
      "change_message": ""
    }
  },
  {
    "model": "admin.logentry",
    "pk": 131,
    "fields": {
      "action_time": "2023-02-11T12:43:12.344Z",
      "user": 1,
      "content_type": 10,
      "object_id": "161",
      "object_repr": "Match object (161)",
      "action_flag": 3,
      "change_message": ""
    }
  },
  {
    "model": "admin.logentry",
    "pk": 132,
    "fields": {
      "action_time": "2023-02-11T12:43:12.400Z",
      "user": 1,
      "content_type": 10,
      "object_id": "160",
      "object_repr": "Match object (160)",
      "action_flag": 3,
      "change_message": ""
    }
  },
  {
    "model": "admin.logentry",
    "pk": 133,
    "fields": {
      "action_time": "2023-02-11T12:43:12.456Z",
      "user": 1,
      "content_type": 10,
      "object_id": "159",
      "object_repr": "Match object (159)",
      "action_flag": 3,
      "change_message": ""
    }
  },
  {
    "model": "admin.logentry",
    "pk": 134,
    "fields": {
      "action_time": "2023-02-11T12:43:12.516Z",
      "user": 1,
      "content_type": 10,
      "object_id": "158",
      "object_repr": "Match object (158)",
      "action_flag": 3,
      "change_message": ""
    }
  },
  {
    "model": "admin.logentry",
    "pk": 135,
    "fields": {
      "action_time": "2023-02-11T12:43:12.579Z",
      "user": 1,
      "content_type": 10,
      "object_id": "157",
      "object_repr": "Match object (157)",
      "action_flag": 3,
      "change_message": ""
    }
  },
  {
    "model": "admin.logentry",
    "pk": 136,
    "fields": {
      "action_time": "2023-02-11T12:43:12.669Z",
      "user": 1,
      "content_type": 10,
      "object_id": "156",
      "object_repr": "Match object (156)",
      "action_flag": 3,
      "change_message": ""
    }
  },
  {
    "model": "admin.logentry",
    "pk": 137,
    "fields": {
      "action_time": "2023-02-11T12:43:12.732Z",
      "user": 1,
      "content_type": 10,
      "object_id": "155",
      "object_repr": "Match object (155)",
      "action_flag": 3,
      "change_message": ""
    }
  },
  {
    "model": "admin.logentry",
    "pk": 138,
    "fields": {
      "action_time": "2023-02-11T12:43:12.797Z",
      "user": 1,
      "content_type": 10,
      "object_id": "154",
      "object_repr": "Match object (154)",
      "action_flag": 3,
      "change_message": ""
    }
  },
  {
    "model": "admin.logentry",
    "pk": 139,
    "fields": {
      "action_time": "2023-02-11T12:43:12.860Z",
      "user": 1,
      "content_type": 10,
      "object_id": "153",
      "object_repr": "Match object (153)",
      "action_flag": 3,
      "change_message": ""
    }
  },
  {
    "model": "admin.logentry",
    "pk": 140,
    "fields": {
      "action_time": "2023-02-11T12:43:12.923Z",
      "user": 1,
      "content_type": 10,
      "object_id": "152",
      "object_repr": "Match object (152)",
      "action_flag": 3,
      "change_message": ""
    }
  },
  {
    "model": "admin.logentry",
    "pk": 141,
    "fields": {
      "action_time": "2023-02-11T12:43:12.986Z",
      "user": 1,
      "content_type": 10,
      "object_id": "151",
      "object_repr": "Match object (151)",
      "action_flag": 3,
      "change_message": ""
    }
  },
  {
    "model": "admin.logentry",
    "pk": 142,
    "fields": {
      "action_time": "2023-02-11T12:43:13.050Z",
      "user": 1,
      "content_type": 10,
      "object_id": "150",
      "object_repr": "Match object (150)",
      "action_flag": 3,
      "change_message": ""
    }
  },
  {
    "model": "admin.logentry",
    "pk": 143,
    "fields": {
      "action_time": "2023-02-11T12:43:13.113Z",
      "user": 1,
      "content_type": 10,
      "object_id": "149",
      "object_repr": "Match object (149)",
      "action_flag": 3,
      "change_message": ""
    }
  },
  {
    "model": "admin.logentry",
    "pk": 144,
    "fields": {
      "action_time": "2023-02-11T12:43:13.178Z",
      "user": 1,
      "content_type": 10,
      "object_id": "148",
      "object_repr": "Match object (148)",
      "action_flag": 3,
      "change_message": ""
    }
  },
  {
    "model": "admin.logentry",
    "pk": 145,
    "fields": {
      "action_time": "2023-02-11T12:43:13.346Z",
      "user": 1,
      "content_type": 10,
      "object_id": "147",
      "object_repr": "Match object (147)",
      "action_flag": 3,
      "change_message": ""
    }
  },
  {
    "model": "admin.logentry",
    "pk": 146,
    "fields": {
      "action_time": "2023-02-11T12:43:13.508Z",
      "user": 1,
      "content_type": 10,
      "object_id": "146",
      "object_repr": "Match object (146)",
      "action_flag": 3,
      "change_message": ""
    }
  },
  {
    "model": "admin.logentry",
    "pk": 147,
    "fields": {
      "action_time": "2023-02-11T12:43:13.556Z",
      "user": 1,
      "content_type": 10,
      "object_id": "145",
      "object_repr": "Match object (145)",
      "action_flag": 3,
      "change_message": ""
    }
  },
  {
    "model": "admin.logentry",
    "pk": 148,
    "fields": {
      "action_time": "2023-02-11T12:43:13.605Z",
      "user": 1,
      "content_type": 10,
      "object_id": "144",
      "object_repr": "Match object (144)",
      "action_flag": 3,
      "change_message": ""
    }
  },
  {
    "model": "admin.logentry",
    "pk": 149,
    "fields": {
      "action_time": "2023-02-11T12:43:13.653Z",
      "user": 1,
      "content_type": 10,
      "object_id": "143",
      "object_repr": "Match object (143)",
      "action_flag": 3,
      "change_message": ""
    }
  },
  {
    "model": "admin.logentry",
    "pk": 150,
    "fields": {
      "action_time": "2023-02-11T12:43:13.702Z",
      "user": 1,
      "content_type": 10,
      "object_id": "142",
      "object_repr": "Match object (142)",
      "action_flag": 3,
      "change_message": ""
    }
  },
  {
    "model": "admin.logentry",
    "pk": 151,
    "fields": {
      "action_time": "2023-02-11T12:43:13.750Z",
      "user": 1,
      "content_type": 10,
      "object_id": "141",
      "object_repr": "Match object (141)",
      "action_flag": 3,
      "change_message": ""
    }
  },
  {
    "model": "admin.logentry",
    "pk": 152,
    "fields": {
      "action_time": "2023-02-11T12:43:13.798Z",
      "user": 1,
      "content_type": 10,
      "object_id": "140",
      "object_repr": "Match object (140)",
      "action_flag": 3,
      "change_message": ""
    }
  },
  {
    "model": "admin.logentry",
    "pk": 153,
    "fields": {
      "action_time": "2023-02-11T12:43:13.847Z",
      "user": 1,
      "content_type": 10,
      "object_id": "139",
      "object_repr": "Match object (139)",
      "action_flag": 3,
      "change_message": ""
    }
  },
  {
    "model": "admin.logentry",
    "pk": 154,
    "fields": {
      "action_time": "2023-02-11T12:43:13.896Z",
      "user": 1,
      "content_type": 10,
      "object_id": "138",
      "object_repr": "Match object (138)",
      "action_flag": 3,
      "change_message": ""
    }
  },
  {
    "model": "admin.logentry",
    "pk": 155,
    "fields": {
      "action_time": "2023-02-11T12:43:14.326Z",
      "user": 1,
      "content_type": 10,
      "object_id": "137",
      "object_repr": "Match object (137)",
      "action_flag": 3,
      "change_message": ""
    }
  },
  {
    "model": "admin.logentry",
    "pk": 156,
    "fields": {
      "action_time": "2023-02-11T12:43:14.375Z",
      "user": 1,
      "content_type": 10,
      "object_id": "136",
      "object_repr": "Match object (136)",
      "action_flag": 3,
      "change_message": ""
    }
  },
  {
    "model": "admin.logentry",
    "pk": 157,
    "fields": {
      "action_time": "2023-02-11T12:43:14.423Z",
      "user": 1,
      "content_type": 10,
      "object_id": "135",
      "object_repr": "Match object (135)",
      "action_flag": 3,
      "change_message": ""
    }
  },
  {
    "model": "admin.logentry",
    "pk": 158,
    "fields": {
      "action_time": "2023-02-11T12:43:14.495Z",
      "user": 1,
      "content_type": 10,
      "object_id": "134",
      "object_repr": "Match object (134)",
      "action_flag": 3,
      "change_message": ""
    }
  },
  {
    "model": "admin.logentry",
    "pk": 159,
    "fields": {
      "action_time": "2023-02-11T12:43:14.567Z",
      "user": 1,
      "content_type": 10,
      "object_id": "133",
      "object_repr": "Match object (133)",
      "action_flag": 3,
      "change_message": ""
    }
  },
  {
    "model": "admin.logentry",
    "pk": 160,
    "fields": {
      "action_time": "2023-02-11T12:43:14.669Z",
      "user": 1,
      "content_type": 10,
      "object_id": "132",
      "object_repr": "Match object (132)",
      "action_flag": 3,
      "change_message": ""
    }
  },
  {
    "model": "admin.logentry",
    "pk": 161,
    "fields": {
      "action_time": "2023-02-11T12:43:14.744Z",
      "user": 1,
      "content_type": 10,
      "object_id": "131",
      "object_repr": "Match object (131)",
      "action_flag": 3,
      "change_message": ""
    }
  },
  {
    "model": "admin.logentry",
    "pk": 162,
    "fields": {
      "action_time": "2023-02-11T12:43:14.800Z",
      "user": 1,
      "content_type": 10,
      "object_id": "130",
      "object_repr": "Match object (130)",
      "action_flag": 3,
      "change_message": ""
    }
  },
  {
    "model": "admin.logentry",
    "pk": 163,
    "fields": {
      "action_time": "2023-02-11T12:43:14.892Z",
      "user": 1,
      "content_type": 10,
      "object_id": "129",
      "object_repr": "Match object (129)",
      "action_flag": 3,
      "change_message": ""
    }
  },
  {
    "model": "admin.logentry",
    "pk": 164,
    "fields": {
      "action_time": "2023-02-11T12:43:14.948Z",
      "user": 1,
      "content_type": 10,
      "object_id": "128",
      "object_repr": "Match object (128)",
      "action_flag": 3,
      "change_message": ""
    }
  },
  {
    "model": "admin.logentry",
    "pk": 165,
    "fields": {
      "action_time": "2023-02-11T12:43:15.004Z",
      "user": 1,
      "content_type": 10,
      "object_id": "127",
      "object_repr": "Match object (127)",
      "action_flag": 3,
      "change_message": ""
    }
  },
  {
    "model": "admin.logentry",
    "pk": 166,
    "fields": {
      "action_time": "2023-02-11T12:43:15.059Z",
      "user": 1,
      "content_type": 10,
      "object_id": "126",
      "object_repr": "Match object (126)",
      "action_flag": 3,
      "change_message": ""
    }
  },
  {
    "model": "admin.logentry",
    "pk": 167,
    "fields": {
      "action_time": "2023-02-11T12:43:15.115Z",
      "user": 1,
      "content_type": 10,
      "object_id": "125",
      "object_repr": "Match object (125)",
      "action_flag": 3,
      "change_message": ""
    }
  },
  {
    "model": "admin.logentry",
    "pk": 168,
    "fields": {
      "action_time": "2023-02-11T12:43:15.171Z",
      "user": 1,
      "content_type": 10,
      "object_id": "124",
      "object_repr": "Match object (124)",
      "action_flag": 3,
      "change_message": ""
    }
  },
  {
    "model": "admin.logentry",
    "pk": 169,
    "fields": {
      "action_time": "2023-02-11T12:43:15.227Z",
      "user": 1,
      "content_type": 10,
      "object_id": "123",
      "object_repr": "Match object (123)",
      "action_flag": 3,
      "change_message": ""
    }
  },
  {
    "model": "admin.logentry",
    "pk": 170,
    "fields": {
      "action_time": "2023-02-11T12:43:15.283Z",
      "user": 1,
      "content_type": 10,
      "object_id": "122",
      "object_repr": "Match object (122)",
      "action_flag": 3,
      "change_message": ""
    }
  },
  {
    "model": "admin.logentry",
    "pk": 171,
    "fields": {
      "action_time": "2023-02-11T12:43:15.339Z",
      "user": 1,
      "content_type": 10,
      "object_id": "121",
      "object_repr": "Match object (121)",
      "action_flag": 3,
      "change_message": ""
    }
  },
  {
    "model": "admin.logentry",
    "pk": 172,
    "fields": {
      "action_time": "2023-02-11T12:43:15.395Z",
      "user": 1,
      "content_type": 10,
      "object_id": "120",
      "object_repr": "Match object (120)",
      "action_flag": 3,
      "change_message": ""
    }
  },
  {
    "model": "admin.logentry",
    "pk": 173,
    "fields": {
      "action_time": "2023-02-11T12:43:15.450Z",
      "user": 1,
      "content_type": 10,
      "object_id": "119",
      "object_repr": "Match object (119)",
      "action_flag": 3,
      "change_message": ""
    }
  },
  {
    "model": "admin.logentry",
    "pk": 174,
    "fields": {
      "action_time": "2023-02-11T12:43:15.510Z",
      "user": 1,
      "content_type": 10,
      "object_id": "118",
      "object_repr": "Match object (118)",
      "action_flag": 3,
      "change_message": ""
    }
  },
  {
    "model": "admin.logentry",
    "pk": 175,
    "fields": {
      "action_time": "2023-02-11T12:43:15.570Z",
      "user": 1,
      "content_type": 10,
      "object_id": "117",
      "object_repr": "Match object (117)",
      "action_flag": 3,
      "change_message": ""
    }
  },
  {
    "model": "admin.logentry",
    "pk": 176,
    "fields": {
      "action_time": "2023-02-11T12:43:15.630Z",
      "user": 1,
      "content_type": 10,
      "object_id": "116",
      "object_repr": "Match object (116)",
      "action_flag": 3,
      "change_message": ""
    }
  },
  {
    "model": "admin.logentry",
    "pk": 177,
    "fields": {
      "action_time": "2023-02-11T12:43:15.720Z",
      "user": 1,
      "content_type": 10,
      "object_id": "115",
      "object_repr": "Match object (115)",
      "action_flag": 3,
      "change_message": ""
    }
  },
  {
    "model": "admin.logentry",
    "pk": 178,
    "fields": {
      "action_time": "2023-02-11T12:43:15.780Z",
      "user": 1,
      "content_type": 10,
      "object_id": "114",
      "object_repr": "Match object (114)",
      "action_flag": 3,
      "change_message": ""
    }
  },
  {
    "model": "admin.logentry",
    "pk": 179,
    "fields": {
      "action_time": "2023-02-11T12:43:15.840Z",
      "user": 1,
      "content_type": 10,
      "object_id": "113",
      "object_repr": "Match object (113)",
      "action_flag": 3,
      "change_message": ""
    }
  },
  {
    "model": "admin.logentry",
    "pk": 180,
    "fields": {
      "action_time": "2023-02-11T12:43:15.899Z",
      "user": 1,
      "content_type": 10,
      "object_id": "112",
      "object_repr": "Match object (112)",
      "action_flag": 3,
      "change_message": ""
    }
  },
  {
    "model": "admin.logentry",
    "pk": 181,
    "fields": {
      "action_time": "2023-02-11T12:43:15.959Z",
      "user": 1,
      "content_type": 10,
      "object_id": "111",
      "object_repr": "Match object (111)",
      "action_flag": 3,
      "change_message": ""
    }
  },
  {
    "model": "admin.logentry",
    "pk": 182,
    "fields": {
      "action_time": "2023-02-11T12:43:16.023Z",
      "user": 1,
      "content_type": 10,
      "object_id": "110",
      "object_repr": "Match object (110)",
      "action_flag": 3,
      "change_message": ""
    }
  },
  {
    "model": "admin.logentry",
    "pk": 183,
    "fields": {
      "action_time": "2023-02-11T12:43:16.086Z",
      "user": 1,
      "content_type": 10,
      "object_id": "109",
      "object_repr": "Match object (109)",
      "action_flag": 3,
      "change_message": ""
    }
  },
  {
    "model": "admin.logentry",
    "pk": 184,
    "fields": {
      "action_time": "2023-02-11T12:43:16.149Z",
      "user": 1,
      "content_type": 10,
      "object_id": "108",
      "object_repr": "Match object (108)",
      "action_flag": 3,
      "change_message": ""
    }
  },
  {
    "model": "admin.logentry",
    "pk": 185,
    "fields": {
      "action_time": "2023-02-11T12:43:16.212Z",
      "user": 1,
      "content_type": 10,
      "object_id": "107",
      "object_repr": "Match object (107)",
      "action_flag": 3,
      "change_message": ""
    }
  },
  {
    "model": "admin.logentry",
    "pk": 186,
    "fields": {
      "action_time": "2023-02-11T12:43:16.277Z",
      "user": 1,
      "content_type": 10,
      "object_id": "106",
      "object_repr": "Match object (106)",
      "action_flag": 3,
      "change_message": ""
    }
  },
  {
    "model": "admin.logentry",
    "pk": 187,
    "fields": {
      "action_time": "2023-02-11T12:50:39.517Z",
      "user": 1,
      "content_type": 10,
      "object_id": "255",
      "object_repr": "Match object (255)",
      "action_flag": 3,
      "change_message": ""
    }
  },
  {
    "model": "admin.logentry",
    "pk": 188,
    "fields": {
      "action_time": "2023-02-11T12:50:40.397Z",
      "user": 1,
      "content_type": 10,
      "object_id": "254",
      "object_repr": "Match object (254)",
      "action_flag": 3,
      "change_message": ""
    }
  },
  {
    "model": "admin.logentry",
    "pk": 189,
    "fields": {
      "action_time": "2023-02-11T12:50:40.444Z",
      "user": 1,
      "content_type": 10,
      "object_id": "253",
      "object_repr": "Match object (253)",
      "action_flag": 3,
      "change_message": ""
    }
  },
  {
    "model": "admin.logentry",
    "pk": 190,
    "fields": {
      "action_time": "2023-02-11T12:50:40.493Z",
      "user": 1,
      "content_type": 10,
      "object_id": "252",
      "object_repr": "Match object (252)",
      "action_flag": 3,
      "change_message": ""
    }
  },
  {
    "model": "admin.logentry",
    "pk": 191,
    "fields": {
      "action_time": "2023-02-11T12:50:40.542Z",
      "user": 1,
      "content_type": 10,
      "object_id": "251",
      "object_repr": "Match object (251)",
      "action_flag": 3,
      "change_message": ""
    }
  },
  {
    "model": "admin.logentry",
    "pk": 192,
    "fields": {
      "action_time": "2023-02-11T12:50:40.590Z",
      "user": 1,
      "content_type": 10,
      "object_id": "250",
      "object_repr": "Match object (250)",
      "action_flag": 3,
      "change_message": ""
    }
  },
  {
    "model": "admin.logentry",
    "pk": 193,
    "fields": {
      "action_time": "2023-02-11T12:50:40.638Z",
      "user": 1,
      "content_type": 10,
      "object_id": "249",
      "object_repr": "Match object (249)",
      "action_flag": 3,
      "change_message": ""
    }
  },
  {
    "model": "admin.logentry",
    "pk": 194,
    "fields": {
      "action_time": "2023-02-11T12:50:40.687Z",
      "user": 1,
      "content_type": 10,
      "object_id": "248",
      "object_repr": "Match object (248)",
      "action_flag": 3,
      "change_message": ""
    }
  },
  {
    "model": "admin.logentry",
    "pk": 195,
    "fields": {
      "action_time": "2023-02-11T12:50:40.735Z",
      "user": 1,
      "content_type": 10,
      "object_id": "247",
      "object_repr": "Match object (247)",
      "action_flag": 3,
      "change_message": ""
    }
  },
  {
    "model": "admin.logentry",
    "pk": 196,
    "fields": {
      "action_time": "2023-02-11T12:50:40.807Z",
      "user": 1,
      "content_type": 10,
      "object_id": "246",
      "object_repr": "Match object (246)",
      "action_flag": 3,
      "change_message": ""
    }
  },
  {
    "model": "admin.logentry",
    "pk": 197,
    "fields": {
      "action_time": "2023-02-11T12:50:40.855Z",
      "user": 1,
      "content_type": 10,
      "object_id": "245",
      "object_repr": "Match object (245)",
      "action_flag": 3,
      "change_message": ""
    }
  },
  {
    "model": "admin.logentry",
    "pk": 198,
    "fields": {
      "action_time": "2023-02-11T12:50:40.904Z",
      "user": 1,
      "content_type": 10,
      "object_id": "244",
      "object_repr": "Match object (244)",
      "action_flag": 3,
      "change_message": ""
    }
  },
  {
    "model": "admin.logentry",
    "pk": 199,
    "fields": {
      "action_time": "2023-02-11T12:50:40.952Z",
      "user": 1,
      "content_type": 10,
      "object_id": "243",
      "object_repr": "Match object (243)",
      "action_flag": 3,
      "change_message": ""
    }
  },
  {
    "model": "admin.logentry",
    "pk": 200,
    "fields": {
      "action_time": "2023-02-11T12:50:41.013Z",
      "user": 1,
      "content_type": 10,
      "object_id": "242",
      "object_repr": "Match object (242)",
      "action_flag": 3,
      "change_message": ""
    }
  },
  {
    "model": "admin.logentry",
    "pk": 201,
    "fields": {
      "action_time": "2023-02-11T12:50:41.061Z",
      "user": 1,
      "content_type": 10,
      "object_id": "241",
      "object_repr": "Match object (241)",
      "action_flag": 3,
      "change_message": ""
    }
  },
  {
    "model": "admin.logentry",
    "pk": 202,
    "fields": {
      "action_time": "2023-02-13T08:05:48.551Z",
      "user": 1,
      "content_type": 10,
      "object_id": "490",
      "object_repr": "Match object (490)",
      "action_flag": 3,
      "change_message": ""
    }
  },
  {
    "model": "admin.logentry",
    "pk": 203,
    "fields": {
      "action_time": "2023-02-13T08:05:48.627Z",
      "user": 1,
      "content_type": 10,
      "object_id": "489",
      "object_repr": "Match object (489)",
      "action_flag": 3,
      "change_message": ""
    }
  },
  {
    "model": "admin.logentry",
    "pk": 204,
    "fields": {
      "action_time": "2023-02-13T08:05:48.676Z",
      "user": 1,
      "content_type": 10,
      "object_id": "488",
      "object_repr": "Match object (488)",
      "action_flag": 3,
      "change_message": ""
    }
  },
  {
    "model": "admin.logentry",
    "pk": 205,
    "fields": {
      "action_time": "2023-02-13T08:05:48.723Z",
      "user": 1,
      "content_type": 10,
      "object_id": "487",
      "object_repr": "Match object (487)",
      "action_flag": 3,
      "change_message": ""
    }
  },
  {
    "model": "admin.logentry",
    "pk": 206,
    "fields": {
      "action_time": "2023-02-13T08:05:48.772Z",
      "user": 1,
      "content_type": 10,
      "object_id": "486",
      "object_repr": "Match object (486)",
      "action_flag": 3,
      "change_message": ""
    }
  },
  {
    "model": "admin.logentry",
    "pk": 207,
    "fields": {
      "action_time": "2023-02-13T08:05:48.820Z",
      "user": 1,
      "content_type": 10,
      "object_id": "485",
      "object_repr": "Match object (485)",
      "action_flag": 3,
      "change_message": ""
    }
  },
  {
    "model": "admin.logentry",
    "pk": 208,
    "fields": {
      "action_time": "2023-02-13T08:05:48.869Z",
      "user": 1,
      "content_type": 10,
      "object_id": "484",
      "object_repr": "Match object (484)",
      "action_flag": 3,
      "change_message": ""
    }
  },
  {
    "model": "admin.logentry",
    "pk": 209,
    "fields": {
      "action_time": "2023-02-13T08:05:48.918Z",
      "user": 1,
      "content_type": 10,
      "object_id": "483",
      "object_repr": "Match object (483)",
      "action_flag": 3,
      "change_message": ""
    }
  },
  {
    "model": "admin.logentry",
    "pk": 210,
    "fields": {
      "action_time": "2023-02-13T08:05:48.966Z",
      "user": 1,
      "content_type": 10,
      "object_id": "482",
      "object_repr": "Match object (482)",
      "action_flag": 3,
      "change_message": ""
    }
  },
  {
    "model": "admin.logentry",
    "pk": 211,
    "fields": {
      "action_time": "2023-02-13T08:05:49.014Z",
      "user": 1,
      "content_type": 10,
      "object_id": "481",
      "object_repr": "Match object (481)",
      "action_flag": 3,
      "change_message": ""
    }
  },
  {
    "model": "admin.logentry",
    "pk": 212,
    "fields": {
      "action_time": "2023-02-13T08:05:49.063Z",
      "user": 1,
      "content_type": 10,
      "object_id": "480",
      "object_repr": "Match object (480)",
      "action_flag": 3,
      "change_message": ""
    }
  },
  {
    "model": "admin.logentry",
    "pk": 213,
    "fields": {
      "action_time": "2023-02-13T08:05:49.111Z",
      "user": 1,
      "content_type": 10,
      "object_id": "479",
      "object_repr": "Match object (479)",
      "action_flag": 3,
      "change_message": ""
    }
  },
  {
    "model": "admin.logentry",
    "pk": 214,
    "fields": {
      "action_time": "2023-02-13T08:05:49.160Z",
      "user": 1,
      "content_type": 10,
      "object_id": "478",
      "object_repr": "Match object (478)",
      "action_flag": 3,
      "change_message": ""
    }
  },
  {
    "model": "admin.logentry",
    "pk": 215,
    "fields": {
      "action_time": "2023-02-13T08:05:49.207Z",
      "user": 1,
      "content_type": 10,
      "object_id": "477",
      "object_repr": "Match object (477)",
      "action_flag": 3,
      "change_message": ""
    }
  },
  {
    "model": "admin.logentry",
    "pk": 216,
    "fields": {
      "action_time": "2023-02-13T08:05:49.256Z",
      "user": 1,
      "content_type": 10,
      "object_id": "357",
      "object_repr": "Match object (357)",
      "action_flag": 3,
      "change_message": ""
    }
  },
  {
    "model": "admin.logentry",
    "pk": 217,
    "fields": {
      "action_time": "2023-02-13T08:05:49.305Z",
      "user": 1,
      "content_type": 10,
      "object_id": "286",
      "object_repr": "Match object (286)",
      "action_flag": 3,
      "change_message": ""
    }
  },
  {
    "model": "admin.logentry",
    "pk": 218,
    "fields": {
      "action_time": "2023-02-13T08:07:10.670Z",
      "user": 1,
      "content_type": 10,
      "object_id": "505",
      "object_repr": "Match object (505)",
      "action_flag": 3,
      "change_message": ""
    }
  },
  {
    "model": "admin.logentry",
    "pk": 219,
    "fields": {
      "action_time": "2023-02-13T08:07:10.722Z",
      "user": 1,
      "content_type": 10,
      "object_id": "504",
      "object_repr": "Match object (504)",
      "action_flag": 3,
      "change_message": ""
    }
  },
  {
    "model": "admin.logentry",
    "pk": 220,
    "fields": {
      "action_time": "2023-02-13T08:07:10.769Z",
      "user": 1,
      "content_type": 10,
      "object_id": "503",
      "object_repr": "Match object (503)",
      "action_flag": 3,
      "change_message": ""
    }
  },
  {
    "model": "admin.logentry",
    "pk": 221,
    "fields": {
      "action_time": "2023-02-13T08:07:10.818Z",
      "user": 1,
      "content_type": 10,
      "object_id": "502",
      "object_repr": "Match object (502)",
      "action_flag": 3,
      "change_message": ""
    }
  },
  {
    "model": "admin.logentry",
    "pk": 222,
    "fields": {
      "action_time": "2023-02-13T08:07:10.867Z",
      "user": 1,
      "content_type": 10,
      "object_id": "501",
      "object_repr": "Match object (501)",
      "action_flag": 3,
      "change_message": ""
    }
  },
  {
    "model": "admin.logentry",
    "pk": 223,
    "fields": {
      "action_time": "2023-02-13T08:07:10.915Z",
      "user": 1,
      "content_type": 10,
      "object_id": "500",
      "object_repr": "Match object (500)",
      "action_flag": 3,
      "change_message": ""
    }
  },
  {
    "model": "admin.logentry",
    "pk": 224,
    "fields": {
      "action_time": "2023-02-13T08:07:10.963Z",
      "user": 1,
      "content_type": 10,
      "object_id": "499",
      "object_repr": "Match object (499)",
      "action_flag": 3,
      "change_message": ""
    }
  },
  {
    "model": "admin.logentry",
    "pk": 225,
    "fields": {
      "action_time": "2023-02-13T08:07:11.011Z",
      "user": 1,
      "content_type": 10,
      "object_id": "498",
      "object_repr": "Match object (498)",
      "action_flag": 3,
      "change_message": ""
    }
  },
  {
    "model": "admin.logentry",
    "pk": 226,
    "fields": {
      "action_time": "2023-02-13T08:07:11.068Z",
      "user": 1,
      "content_type": 10,
      "object_id": "497",
      "object_repr": "Match object (497)",
      "action_flag": 3,
      "change_message": ""
    }
  },
  {
    "model": "admin.logentry",
    "pk": 227,
    "fields": {
      "action_time": "2023-02-13T08:07:11.117Z",
      "user": 1,
      "content_type": 10,
      "object_id": "496",
      "object_repr": "Match object (496)",
      "action_flag": 3,
      "change_message": ""
    }
  },
  {
    "model": "admin.logentry",
    "pk": 228,
    "fields": {
      "action_time": "2023-02-13T08:07:11.165Z",
      "user": 1,
      "content_type": 10,
      "object_id": "495",
      "object_repr": "Match object (495)",
      "action_flag": 3,
      "change_message": ""
    }
  },
  {
    "model": "admin.logentry",
    "pk": 229,
    "fields": {
      "action_time": "2023-02-13T08:07:11.214Z",
      "user": 1,
      "content_type": 10,
      "object_id": "494",
      "object_repr": "Match object (494)",
      "action_flag": 3,
      "change_message": ""
    }
  },
  {
    "model": "admin.logentry",
    "pk": 230,
    "fields": {
      "action_time": "2023-02-13T08:07:11.262Z",
      "user": 1,
      "content_type": 10,
      "object_id": "493",
      "object_repr": "Match object (493)",
      "action_flag": 3,
      "change_message": ""
    }
  },
  {
    "model": "admin.logentry",
    "pk": 231,
    "fields": {
      "action_time": "2023-02-13T08:07:11.310Z",
      "user": 1,
      "content_type": 10,
      "object_id": "492",
      "object_repr": "Match object (492)",
      "action_flag": 3,
      "change_message": ""
    }
  },
  {
    "model": "admin.logentry",
    "pk": 232,
    "fields": {
      "action_time": "2023-02-13T08:07:11.359Z",
      "user": 1,
      "content_type": 10,
      "object_id": "491",
      "object_repr": "Match object (491)",
      "action_flag": 3,
      "change_message": ""
    }
  },
  {
    "model": "admin.logentry",
    "pk": 233,
    "fields": {
      "action_time": "2023-02-13T08:09:00.522Z",
      "user": 1,
      "content_type": 10,
      "object_id": "550",
      "object_repr": "Match object (550)",
      "action_flag": 3,
      "change_message": ""
    }
  },
  {
    "model": "admin.logentry",
    "pk": 234,
    "fields": {
      "action_time": "2023-02-13T08:09:01.247Z",
      "user": 1,
      "content_type": 10,
      "object_id": "549",
      "object_repr": "Match object (549)",
      "action_flag": 3,
      "change_message": ""
    }
  },
  {
    "model": "admin.logentry",
    "pk": 235,
    "fields": {
      "action_time": "2023-02-13T08:09:01.819Z",
      "user": 1,
      "content_type": 10,
      "object_id": "548",
      "object_repr": "Match object (548)",
      "action_flag": 3,
      "change_message": ""
    }
  },
  {
    "model": "admin.logentry",
    "pk": 236,
    "fields": {
      "action_time": "2023-02-13T08:09:02.251Z",
      "user": 1,
      "content_type": 10,
      "object_id": "547",
      "object_repr": "Match object (547)",
      "action_flag": 3,
      "change_message": ""
    }
  },
  {
    "model": "admin.logentry",
    "pk": 237,
    "fields": {
      "action_time": "2023-02-13T08:09:02.308Z",
      "user": 1,
      "content_type": 10,
      "object_id": "546",
      "object_repr": "Match object (546)",
      "action_flag": 3,
      "change_message": ""
    }
  },
  {
    "model": "admin.logentry",
    "pk": 238,
    "fields": {
      "action_time": "2023-02-13T08:09:02.356Z",
      "user": 1,
      "content_type": 10,
      "object_id": "545",
      "object_repr": "Match object (545)",
      "action_flag": 3,
      "change_message": ""
    }
  },
  {
    "model": "admin.logentry",
    "pk": 239,
    "fields": {
      "action_time": "2023-02-13T08:09:02.405Z",
      "user": 1,
      "content_type": 10,
      "object_id": "544",
      "object_repr": "Match object (544)",
      "action_flag": 3,
      "change_message": ""
    }
  },
  {
    "model": "admin.logentry",
    "pk": 240,
    "fields": {
      "action_time": "2023-02-13T08:09:02.453Z",
      "user": 1,
      "content_type": 10,
      "object_id": "543",
      "object_repr": "Match object (543)",
      "action_flag": 3,
      "change_message": ""
    }
  },
  {
    "model": "admin.logentry",
    "pk": 241,
    "fields": {
      "action_time": "2023-02-13T08:09:02.501Z",
      "user": 1,
      "content_type": 10,
      "object_id": "542",
      "object_repr": "Match object (542)",
      "action_flag": 3,
      "change_message": ""
    }
  },
  {
    "model": "admin.logentry",
    "pk": 242,
    "fields": {
      "action_time": "2023-02-13T08:09:02.550Z",
      "user": 1,
      "content_type": 10,
      "object_id": "541",
      "object_repr": "Match object (541)",
      "action_flag": 3,
      "change_message": ""
    }
  },
  {
    "model": "admin.logentry",
    "pk": 243,
    "fields": {
      "action_time": "2023-02-13T08:09:02.598Z",
      "user": 1,
      "content_type": 10,
      "object_id": "540",
      "object_repr": "Match object (540)",
      "action_flag": 3,
      "change_message": ""
    }
  },
  {
    "model": "admin.logentry",
    "pk": 244,
    "fields": {
      "action_time": "2023-02-13T08:09:02.646Z",
      "user": 1,
      "content_type": 10,
      "object_id": "539",
      "object_repr": "Match object (539)",
      "action_flag": 3,
      "change_message": ""
    }
  },
  {
    "model": "admin.logentry",
    "pk": 245,
    "fields": {
      "action_time": "2023-02-13T08:09:02.694Z",
      "user": 1,
      "content_type": 10,
      "object_id": "538",
      "object_repr": "Match object (538)",
      "action_flag": 3,
      "change_message": ""
    }
  },
  {
    "model": "admin.logentry",
    "pk": 246,
    "fields": {
      "action_time": "2023-02-13T08:09:02.746Z",
      "user": 1,
      "content_type": 10,
      "object_id": "537",
      "object_repr": "Match object (537)",
      "action_flag": 3,
      "change_message": ""
    }
  },
  {
    "model": "admin.logentry",
    "pk": 247,
    "fields": {
      "action_time": "2023-02-13T08:09:02.795Z",
      "user": 1,
      "content_type": 10,
      "object_id": "536",
      "object_repr": "Match object (536)",
      "action_flag": 3,
      "change_message": ""
    }
  },
  {
    "model": "admin.logentry",
    "pk": 248,
    "fields": {
      "action_time": "2023-02-13T08:09:49.885Z",
      "user": 1,
      "content_type": 10,
      "object_id": "565",
      "object_repr": "Match object (565)",
      "action_flag": 3,
      "change_message": ""
    }
  },
  {
    "model": "admin.logentry",
    "pk": 249,
    "fields": {
      "action_time": "2023-02-13T08:09:49.938Z",
      "user": 1,
      "content_type": 10,
      "object_id": "564",
      "object_repr": "Match object (564)",
      "action_flag": 3,
      "change_message": ""
    }
  },
  {
    "model": "admin.logentry",
    "pk": 250,
    "fields": {
      "action_time": "2023-02-13T08:09:49.986Z",
      "user": 1,
      "content_type": 10,
      "object_id": "563",
      "object_repr": "Match object (563)",
      "action_flag": 3,
      "change_message": ""
    }
  },
  {
    "model": "admin.logentry",
    "pk": 251,
    "fields": {
      "action_time": "2023-02-13T08:09:50.035Z",
      "user": 1,
      "content_type": 10,
      "object_id": "562",
      "object_repr": "Match object (562)",
      "action_flag": 3,
      "change_message": ""
    }
  },
  {
    "model": "admin.logentry",
    "pk": 252,
    "fields": {
      "action_time": "2023-02-13T08:09:50.084Z",
      "user": 1,
      "content_type": 10,
      "object_id": "561",
      "object_repr": "Match object (561)",
      "action_flag": 3,
      "change_message": ""
    }
  },
  {
    "model": "admin.logentry",
    "pk": 253,
    "fields": {
      "action_time": "2023-02-13T08:09:50.132Z",
      "user": 1,
      "content_type": 10,
      "object_id": "560",
      "object_repr": "Match object (560)",
      "action_flag": 3,
      "change_message": ""
    }
  },
  {
    "model": "admin.logentry",
    "pk": 254,
    "fields": {
      "action_time": "2023-02-13T08:09:50.181Z",
      "user": 1,
      "content_type": 10,
      "object_id": "559",
      "object_repr": "Match object (559)",
      "action_flag": 3,
      "change_message": ""
    }
  },
  {
    "model": "admin.logentry",
    "pk": 255,
    "fields": {
      "action_time": "2023-02-13T08:09:50.228Z",
      "user": 1,
      "content_type": 10,
      "object_id": "558",
      "object_repr": "Match object (558)",
      "action_flag": 3,
      "change_message": ""
    }
  },
  {
    "model": "admin.logentry",
    "pk": 256,
    "fields": {
      "action_time": "2023-02-13T08:09:50.285Z",
      "user": 1,
      "content_type": 10,
      "object_id": "557",
      "object_repr": "Match object (557)",
      "action_flag": 3,
      "change_message": ""
    }
  },
  {
    "model": "admin.logentry",
    "pk": 257,
    "fields": {
      "action_time": "2023-02-13T08:09:50.334Z",
      "user": 1,
      "content_type": 10,
      "object_id": "556",
      "object_repr": "Match object (556)",
      "action_flag": 3,
      "change_message": ""
    }
  },
  {
    "model": "admin.logentry",
    "pk": 258,
    "fields": {
      "action_time": "2023-02-13T08:09:50.382Z",
      "user": 1,
      "content_type": 10,
      "object_id": "555",
      "object_repr": "Match object (555)",
      "action_flag": 3,
      "change_message": ""
    }
  },
  {
    "model": "admin.logentry",
    "pk": 259,
    "fields": {
      "action_time": "2023-02-13T08:09:50.455Z",
      "user": 1,
      "content_type": 10,
      "object_id": "554",
      "object_repr": "Match object (554)",
      "action_flag": 3,
      "change_message": ""
    }
  },
  {
    "model": "admin.logentry",
    "pk": 260,
    "fields": {
      "action_time": "2023-02-13T08:09:50.503Z",
      "user": 1,
      "content_type": 10,
      "object_id": "553",
      "object_repr": "Match object (553)",
      "action_flag": 3,
      "change_message": ""
    }
  },
  {
    "model": "admin.logentry",
    "pk": 261,
    "fields": {
      "action_time": "2023-02-13T08:09:50.551Z",
      "user": 1,
      "content_type": 10,
      "object_id": "552",
      "object_repr": "Match object (552)",
      "action_flag": 3,
      "change_message": ""
    }
  },
  {
    "model": "admin.logentry",
    "pk": 262,
    "fields": {
      "action_time": "2023-02-13T08:09:50.604Z",
      "user": 1,
      "content_type": 10,
      "object_id": "551",
      "object_repr": "Match object (551)",
      "action_flag": 3,
      "change_message": ""
    }
  },
  {
    "model": "admin.logentry",
    "pk": 263,
    "fields": {
      "action_time": "2023-02-13T08:12:49.716Z",
      "user": 1,
      "content_type": 10,
      "object_id": "585",
      "object_repr": "Match object (585)",
      "action_flag": 3,
      "change_message": ""
    }
  },
  {
    "model": "admin.logentry",
    "pk": 264,
    "fields": {
      "action_time": "2023-02-13T08:12:50.199Z",
      "user": 1,
      "content_type": 10,
      "object_id": "584",
      "object_repr": "Match object (584)",
      "action_flag": 3,
      "change_message": ""
    }
  },
  {
    "model": "admin.logentry",
    "pk": 265,
    "fields": {
      "action_time": "2023-02-13T08:12:50.247Z",
      "user": 1,
      "content_type": 10,
      "object_id": "583",
      "object_repr": "Match object (583)",
      "action_flag": 3,
      "change_message": ""
    }
  },
  {
    "model": "admin.logentry",
    "pk": 266,
    "fields": {
      "action_time": "2023-02-13T08:12:50.319Z",
      "user": 1,
      "content_type": 10,
      "object_id": "582",
      "object_repr": "Match object (582)",
      "action_flag": 3,
      "change_message": ""
    }
  },
  {
    "model": "admin.logentry",
    "pk": 267,
    "fields": {
      "action_time": "2023-02-13T08:12:50.368Z",
      "user": 1,
      "content_type": 10,
      "object_id": "581",
      "object_repr": "Match object (581)",
      "action_flag": 3,
      "change_message": ""
    }
  },
  {
    "model": "admin.logentry",
    "pk": 268,
    "fields": {
      "action_time": "2023-02-13T08:12:50.416Z",
      "user": 1,
      "content_type": 10,
      "object_id": "580",
      "object_repr": "Match object (580)",
      "action_flag": 3,
      "change_message": ""
    }
  },
  {
    "model": "admin.logentry",
    "pk": 269,
    "fields": {
      "action_time": "2023-02-13T08:12:50.464Z",
      "user": 1,
      "content_type": 10,
      "object_id": "579",
      "object_repr": "Match object (579)",
      "action_flag": 3,
      "change_message": ""
    }
  },
  {
    "model": "admin.logentry",
    "pk": 270,
    "fields": {
      "action_time": "2023-02-13T08:12:50.513Z",
      "user": 1,
      "content_type": 10,
      "object_id": "578",
      "object_repr": "Match object (578)",
      "action_flag": 3,
      "change_message": ""
    }
  },
  {
    "model": "admin.logentry",
    "pk": 271,
    "fields": {
      "action_time": "2023-02-13T08:12:50.561Z",
      "user": 1,
      "content_type": 10,
      "object_id": "577",
      "object_repr": "Match object (577)",
      "action_flag": 3,
      "change_message": ""
    }
  },
  {
    "model": "admin.logentry",
    "pk": 272,
    "fields": {
      "action_time": "2023-02-13T08:12:50.610Z",
      "user": 1,
      "content_type": 10,
      "object_id": "576",
      "object_repr": "Match object (576)",
      "action_flag": 3,
      "change_message": ""
    }
  },
  {
    "model": "admin.logentry",
    "pk": 273,
    "fields": {
      "action_time": "2023-02-13T08:12:50.659Z",
      "user": 1,
      "content_type": 10,
      "object_id": "575",
      "object_repr": "Match object (575)",
      "action_flag": 3,
      "change_message": ""
    }
  },
  {
    "model": "admin.logentry",
    "pk": 274,
    "fields": {
      "action_time": "2023-02-13T08:12:50.706Z",
      "user": 1,
      "content_type": 10,
      "object_id": "574",
      "object_repr": "Match object (574)",
      "action_flag": 3,
      "change_message": ""
    }
  },
  {
    "model": "admin.logentry",
    "pk": 275,
    "fields": {
      "action_time": "2023-02-13T08:12:50.755Z",
      "user": 1,
      "content_type": 10,
      "object_id": "573",
      "object_repr": "Match object (573)",
      "action_flag": 3,
      "change_message": ""
    }
  },
  {
    "model": "admin.logentry",
    "pk": 276,
    "fields": {
      "action_time": "2023-02-13T08:12:50.807Z",
      "user": 1,
      "content_type": 10,
      "object_id": "572",
      "object_repr": "Match object (572)",
      "action_flag": 3,
      "change_message": ""
    }
  },
  {
    "model": "admin.logentry",
    "pk": 277,
    "fields": {
      "action_time": "2023-02-13T08:12:50.855Z",
      "user": 1,
      "content_type": 10,
      "object_id": "571",
      "object_repr": "Match object (571)",
      "action_flag": 3,
      "change_message": ""
    }
  },
  {
    "model": "admin.logentry",
    "pk": 278,
    "fields": {
      "action_time": "2023-02-13T08:16:29.428Z",
      "user": 1,
      "content_type": 10,
      "object_id": "596",
      "object_repr": "Match object (596)",
      "action_flag": 3,
      "change_message": ""
    }
  },
  {
    "model": "admin.logentry",
    "pk": 279,
    "fields": {
      "action_time": "2023-02-13T08:16:29.478Z",
      "user": 1,
      "content_type": 10,
      "object_id": "595",
      "object_repr": "Match object (595)",
      "action_flag": 3,
      "change_message": ""
    }
  },
  {
    "model": "admin.logentry",
    "pk": 280,
    "fields": {
      "action_time": "2023-02-13T08:16:29.526Z",
      "user": 1,
      "content_type": 10,
      "object_id": "594",
      "object_repr": "Match object (594)",
      "action_flag": 3,
      "change_message": ""
    }
  },
  {
    "model": "admin.logentry",
    "pk": 281,
    "fields": {
      "action_time": "2023-02-13T08:16:29.575Z",
      "user": 1,
      "content_type": 10,
      "object_id": "593",
      "object_repr": "Match object (593)",
      "action_flag": 3,
      "change_message": ""
    }
  },
  {
    "model": "admin.logentry",
    "pk": 282,
    "fields": {
      "action_time": "2023-02-13T08:16:29.623Z",
      "user": 1,
      "content_type": 10,
      "object_id": "592",
      "object_repr": "Match object (592)",
      "action_flag": 3,
      "change_message": ""
    }
  },
  {
    "model": "admin.logentry",
    "pk": 283,
    "fields": {
      "action_time": "2023-02-13T08:16:29.671Z",
      "user": 1,
      "content_type": 10,
      "object_id": "591",
      "object_repr": "Match object (591)",
      "action_flag": 3,
      "change_message": ""
    }
  },
  {
    "model": "admin.logentry",
    "pk": 284,
    "fields": {
      "action_time": "2023-02-13T08:16:29.720Z",
      "user": 1,
      "content_type": 10,
      "object_id": "590",
      "object_repr": "Match object (590)",
      "action_flag": 3,
      "change_message": ""
    }
  },
  {
    "model": "admin.logentry",
    "pk": 285,
    "fields": {
      "action_time": "2023-02-13T08:16:29.768Z",
      "user": 1,
      "content_type": 10,
      "object_id": "589",
      "object_repr": "Match object (589)",
      "action_flag": 3,
      "change_message": ""
    }
  },
  {
    "model": "admin.logentry",
    "pk": 286,
    "fields": {
      "action_time": "2023-02-13T08:16:29.817Z",
      "user": 1,
      "content_type": 10,
      "object_id": "588",
      "object_repr": "Match object (588)",
      "action_flag": 3,
      "change_message": ""
    }
  },
  {
    "model": "admin.logentry",
    "pk": 287,
    "fields": {
      "action_time": "2023-02-13T08:16:29.897Z",
      "user": 1,
      "content_type": 10,
      "object_id": "587",
      "object_repr": "Match object (587)",
      "action_flag": 3,
      "change_message": ""
    }
  },
  {
    "model": "admin.logentry",
    "pk": 288,
    "fields": {
      "action_time": "2023-02-13T08:16:29.946Z",
      "user": 1,
      "content_type": 10,
      "object_id": "586",
      "object_repr": "Match object (586)",
      "action_flag": 3,
      "change_message": ""
    }
  },
  {
    "model": "admin.logentry",
    "pk": 289,
    "fields": {
      "action_time": "2023-02-13T08:18:22.002Z",
      "user": 1,
      "content_type": 10,
      "object_id": "607",
      "object_repr": "Match object (607)",
      "action_flag": 3,
      "change_message": ""
    }
  },
  {
    "model": "admin.logentry",
    "pk": 290,
    "fields": {
      "action_time": "2023-02-13T08:18:22.054Z",
      "user": 1,
      "content_type": 10,
      "object_id": "606",
      "object_repr": "Match object (606)",
      "action_flag": 3,
      "change_message": ""
    }
  },
  {
    "model": "admin.logentry",
    "pk": 291,
    "fields": {
      "action_time": "2023-02-13T08:18:22.102Z",
      "user": 1,
      "content_type": 10,
      "object_id": "605",
      "object_repr": "Match object (605)",
      "action_flag": 3,
      "change_message": ""
    }
  },
  {
    "model": "admin.logentry",
    "pk": 292,
    "fields": {
      "action_time": "2023-02-13T08:18:22.150Z",
      "user": 1,
      "content_type": 10,
      "object_id": "604",
      "object_repr": "Match object (604)",
      "action_flag": 3,
      "change_message": ""
    }
  },
  {
    "model": "admin.logentry",
    "pk": 293,
    "fields": {
      "action_time": "2023-02-13T08:18:22.199Z",
      "user": 1,
      "content_type": 10,
      "object_id": "603",
      "object_repr": "Match object (603)",
      "action_flag": 3,
      "change_message": ""
    }
  },
  {
    "model": "admin.logentry",
    "pk": 294,
    "fields": {
      "action_time": "2023-02-13T08:18:22.247Z",
      "user": 1,
      "content_type": 10,
      "object_id": "602",
      "object_repr": "Match object (602)",
      "action_flag": 3,
      "change_message": ""
    }
  },
  {
    "model": "admin.logentry",
    "pk": 295,
    "fields": {
      "action_time": "2023-02-13T08:18:22.296Z",
      "user": 1,
      "content_type": 10,
      "object_id": "601",
      "object_repr": "Match object (601)",
      "action_flag": 3,
      "change_message": ""
    }
  },
  {
    "model": "admin.logentry",
    "pk": 296,
    "fields": {
      "action_time": "2023-02-13T08:18:22.344Z",
      "user": 1,
      "content_type": 10,
      "object_id": "600",
      "object_repr": "Match object (600)",
      "action_flag": 3,
      "change_message": ""
    }
  },
  {
    "model": "admin.logentry",
    "pk": 297,
    "fields": {
      "action_time": "2023-02-13T08:18:22.392Z",
      "user": 1,
      "content_type": 10,
      "object_id": "599",
      "object_repr": "Match object (599)",
      "action_flag": 3,
      "change_message": ""
    }
  },
  {
    "model": "admin.logentry",
    "pk": 298,
    "fields": {
      "action_time": "2023-02-13T08:18:22.441Z",
      "user": 1,
      "content_type": 10,
      "object_id": "598",
      "object_repr": "Match object (598)",
      "action_flag": 3,
      "change_message": ""
    }
  },
  {
    "model": "admin.logentry",
    "pk": 299,
    "fields": {
      "action_time": "2023-02-13T08:18:22.498Z",
      "user": 1,
      "content_type": 10,
      "object_id": "597",
      "object_repr": "Match object (597)",
      "action_flag": 3,
      "change_message": ""
    }
  },
  {
    "model": "admin.logentry",
    "pk": 300,
    "fields": {
      "action_time": "2023-02-13T08:32:04.944Z",
      "user": 1,
      "content_type": 10,
      "object_id": "773",
      "object_repr": "Match object (773)",
      "action_flag": 3,
      "change_message": ""
    }
  },
  {
    "model": "admin.logentry",
    "pk": 301,
    "fields": {
      "action_time": "2023-02-13T08:32:05.101Z",
      "user": 1,
      "content_type": 10,
      "object_id": "772",
      "object_repr": "Match object (772)",
      "action_flag": 3,
      "change_message": ""
    }
  },
  {
    "model": "admin.logentry",
    "pk": 302,
    "fields": {
      "action_time": "2023-02-13T08:32:05.158Z",
      "user": 1,
      "content_type": 10,
      "object_id": "771",
      "object_repr": "Match object (771)",
      "action_flag": 3,
      "change_message": ""
    }
  },
  {
    "model": "admin.logentry",
    "pk": 303,
    "fields": {
      "action_time": "2023-02-13T08:32:05.206Z",
      "user": 1,
      "content_type": 10,
      "object_id": "770",
      "object_repr": "Match object (770)",
      "action_flag": 3,
      "change_message": ""
    }
  },
  {
    "model": "admin.logentry",
    "pk": 304,
    "fields": {
      "action_time": "2023-02-13T08:32:05.254Z",
      "user": 1,
      "content_type": 10,
      "object_id": "769",
      "object_repr": "Match object (769)",
      "action_flag": 3,
      "change_message": ""
    }
  },
  {
    "model": "admin.logentry",
    "pk": 305,
    "fields": {
      "action_time": "2023-02-13T08:32:05.303Z",
      "user": 1,
      "content_type": 10,
      "object_id": "768",
      "object_repr": "Match object (768)",
      "action_flag": 3,
      "change_message": ""
    }
  },
  {
    "model": "admin.logentry",
    "pk": 306,
    "fields": {
      "action_time": "2023-02-13T08:32:05.351Z",
      "user": 1,
      "content_type": 10,
      "object_id": "767",
      "object_repr": "Match object (767)",
      "action_flag": 3,
      "change_message": ""
    }
  },
  {
    "model": "admin.logentry",
    "pk": 307,
    "fields": {
      "action_time": "2023-02-13T08:32:05.399Z",
      "user": 1,
      "content_type": 10,
      "object_id": "766",
      "object_repr": "Match object (766)",
      "action_flag": 3,
      "change_message": ""
    }
  },
  {
    "model": "admin.logentry",
    "pk": 308,
    "fields": {
      "action_time": "2023-02-13T08:32:05.448Z",
      "user": 1,
      "content_type": 10,
      "object_id": "765",
      "object_repr": "Match object (765)",
      "action_flag": 3,
      "change_message": ""
    }
  },
  {
    "model": "admin.logentry",
    "pk": 309,
    "fields": {
      "action_time": "2023-02-13T08:32:07.094Z",
      "user": 1,
      "content_type": 10,
      "object_id": "764",
      "object_repr": "Match object (764)",
      "action_flag": 3,
      "change_message": ""
    }
  },
  {
    "model": "admin.logentry",
    "pk": 310,
    "fields": {
      "action_time": "2023-02-13T08:32:07.961Z",
      "user": 1,
      "content_type": 10,
      "object_id": "763",
      "object_repr": "Match object (763)",
      "action_flag": 3,
      "change_message": ""
    }
  },
  {
    "model": "admin.logentry",
    "pk": 311,
    "fields": {
      "action_time": "2023-02-13T08:32:08.158Z",
      "user": 1,
      "content_type": 10,
      "object_id": "762",
      "object_repr": "Match object (762)",
      "action_flag": 3,
      "change_message": ""
    }
  },
  {
    "model": "admin.logentry",
    "pk": 312,
    "fields": {
      "action_time": "2023-02-13T08:32:08.231Z",
      "user": 1,
      "content_type": 10,
      "object_id": "761",
      "object_repr": "Match object (761)",
      "action_flag": 3,
      "change_message": ""
    }
  },
  {
    "model": "admin.logentry",
    "pk": 313,
    "fields": {
      "action_time": "2023-02-13T08:32:08.291Z",
      "user": 1,
      "content_type": 10,
      "object_id": "760",
      "object_repr": "Match object (760)",
      "action_flag": 3,
      "change_message": ""
    }
  },
  {
    "model": "admin.logentry",
    "pk": 314,
    "fields": {
      "action_time": "2023-02-13T08:32:08.352Z",
      "user": 1,
      "content_type": 10,
      "object_id": "759",
      "object_repr": "Match object (759)",
      "action_flag": 3,
      "change_message": ""
    }
  },
  {
    "model": "admin.logentry",
    "pk": 315,
    "fields": {
      "action_time": "2023-02-13T08:37:41.302Z",
      "user": 1,
      "content_type": 10,
      "object_id": "818",
      "object_repr": "Match object (818)",
      "action_flag": 3,
      "change_message": ""
    }
  },
  {
    "model": "admin.logentry",
    "pk": 316,
    "fields": {
      "action_time": "2023-02-13T08:37:41.370Z",
      "user": 1,
      "content_type": 10,
      "object_id": "817",
      "object_repr": "Match object (817)",
      "action_flag": 3,
      "change_message": ""
    }
  },
  {
    "model": "admin.logentry",
    "pk": 317,
    "fields": {
      "action_time": "2023-02-13T08:37:41.419Z",
      "user": 1,
      "content_type": 10,
      "object_id": "816",
      "object_repr": "Match object (816)",
      "action_flag": 3,
      "change_message": ""
    }
  },
  {
    "model": "admin.logentry",
    "pk": 318,
    "fields": {
      "action_time": "2023-02-13T08:37:41.467Z",
      "user": 1,
      "content_type": 10,
      "object_id": "815",
      "object_repr": "Match object (815)",
      "action_flag": 3,
      "change_message": ""
    }
  },
  {
    "model": "admin.logentry",
    "pk": 319,
    "fields": {
      "action_time": "2023-02-13T08:37:41.516Z",
      "user": 1,
      "content_type": 10,
      "object_id": "814",
      "object_repr": "Match object (814)",
      "action_flag": 3,
      "change_message": ""
    }
  },
  {
    "model": "admin.logentry",
    "pk": 320,
    "fields": {
      "action_time": "2023-02-13T08:37:41.564Z",
      "user": 1,
      "content_type": 10,
      "object_id": "813",
      "object_repr": "Match object (813)",
      "action_flag": 3,
      "change_message": ""
    }
  },
  {
    "model": "admin.logentry",
    "pk": 321,
    "fields": {
      "action_time": "2023-02-13T08:37:41.612Z",
      "user": 1,
      "content_type": 10,
      "object_id": "812",
      "object_repr": "Match object (812)",
      "action_flag": 3,
      "change_message": ""
    }
  },
  {
    "model": "admin.logentry",
    "pk": 322,
    "fields": {
      "action_time": "2023-02-13T08:37:41.661Z",
      "user": 1,
      "content_type": 10,
      "object_id": "811",
      "object_repr": "Match object (811)",
      "action_flag": 3,
      "change_message": ""
    }
  },
  {
    "model": "admin.logentry",
    "pk": 323,
    "fields": {
      "action_time": "2023-02-13T08:37:41.709Z",
      "user": 1,
      "content_type": 10,
      "object_id": "810",
      "object_repr": "Match object (810)",
      "action_flag": 3,
      "change_message": ""
    }
  },
  {
    "model": "admin.logentry",
    "pk": 324,
    "fields": {
      "action_time": "2023-02-13T08:37:41.757Z",
      "user": 1,
      "content_type": 10,
      "object_id": "809",
      "object_repr": "Match object (809)",
      "action_flag": 3,
      "change_message": ""
    }
  },
  {
    "model": "admin.logentry",
    "pk": 325,
    "fields": {
      "action_time": "2023-02-13T08:37:41.806Z",
      "user": 1,
      "content_type": 10,
      "object_id": "808",
      "object_repr": "Match object (808)",
      "action_flag": 3,
      "change_message": ""
    }
  },
  {
    "model": "admin.logentry",
    "pk": 326,
    "fields": {
      "action_time": "2023-02-13T08:37:41.878Z",
      "user": 1,
      "content_type": 10,
      "object_id": "807",
      "object_repr": "Match object (807)",
      "action_flag": 3,
      "change_message": ""
    }
  },
  {
    "model": "admin.logentry",
    "pk": 327,
    "fields": {
      "action_time": "2023-02-13T08:37:41.926Z",
      "user": 1,
      "content_type": 10,
      "object_id": "806",
      "object_repr": "Match object (806)",
      "action_flag": 3,
      "change_message": ""
    }
  },
  {
    "model": "admin.logentry",
    "pk": 328,
    "fields": {
      "action_time": "2023-02-13T08:37:41.987Z",
      "user": 1,
      "content_type": 10,
      "object_id": "805",
      "object_repr": "Match object (805)",
      "action_flag": 3,
      "change_message": ""
    }
  },
  {
    "model": "admin.logentry",
    "pk": 329,
    "fields": {
      "action_time": "2023-02-13T08:37:42.035Z",
      "user": 1,
      "content_type": 10,
      "object_id": "804",
      "object_repr": "Match object (804)",
      "action_flag": 3,
      "change_message": ""
    }
  },
  {
    "model": "admin.logentry",
    "pk": 330,
    "fields": {
      "action_time": "2023-02-14T12:49:26.618Z",
      "user": 1,
      "content_type": 6,
      "object_id": "9",
      "object_repr": "Druyna H",
      "action_flag": 1,
      "change_message": "[{\"added\": {}}]"
    }
  },
  {
    "model": "admin.logentry",
    "pk": 331,
    "fields": {
      "action_time": "2023-02-14T12:49:41.790Z",
      "user": 1,
      "content_type": 6,
      "object_id": "10",
      "object_repr": "Druyna I",
      "action_flag": 1,
      "change_message": "[{\"added\": {}}]"
    }
  },
  {
    "model": "admin.logentry",
    "pk": 332,
    "fields": {
      "action_time": "2023-02-14T12:50:07.782Z",
      "user": 1,
      "content_type": 7,
      "object_id": "3",
      "object_repr": "a@a.pl",
      "action_flag": 1,
      "change_message": "[{\"added\": {}}]"
    }
  },
  {
    "model": "admin.logentry",
    "pk": 333,
    "fields": {
      "action_time": "2023-02-14T12:50:54.188Z",
      "user": 1,
      "content_type": 7,
      "object_id": "3",
      "object_repr": "a@a.pl",
      "action_flag": 3,
      "change_message": ""
    }
  },
  {
    "model": "admin.logentry",
    "pk": 334,
    "fields": {
      "action_time": "2023-02-14T12:52:10.358Z",
      "user": 1,
      "content_type": 9,
      "object_id": "3",
      "object_repr": "Liga ambasadora",
      "action_flag": 3,
      "change_message": ""
    }
  },
  {
    "model": "admin.logentry",
    "pk": 335,
    "fields": {
      "action_time": "2023-02-14T12:52:10.543Z",
      "user": 1,
      "content_type": 9,
      "object_id": "2",
      "object_repr": "asdasdasdasdas",
      "action_flag": 3,
      "change_message": ""
    }
  },
  {
    "model": "admin.logentry",
    "pk": 336,
    "fields": {
      "action_time": "2023-02-14T12:52:41.651Z",
      "user": 1,
      "content_type": 8,
      "object_id": "2",
      "object_repr": "Jarosaw Z",
      "action_flag": 1,
      "change_message": "[{\"added\": {}}]"
    }
  },
  {
    "model": "admin.logentry",
    "pk": 337,
    "fields": {
      "action_time": "2023-02-14T12:52:56.057Z",
      "user": 1,
      "content_type": 8,
      "object_id": "3",
      "object_repr": "Jarosaw W",
      "action_flag": 1,
      "change_message": "[{\"added\": {}}]"
    }
  },
  {
    "model": "admin.logentry",
    "pk": 338,
    "fields": {
      "action_time": "2023-02-14T12:53:13.591Z",
      "user": 1,
      "content_type": 8,
      "object_id": "4",
      "object_repr": "Andrzej S",
      "action_flag": 1,
      "change_message": "[{\"added\": {}}]"
    }
  },
  {
    "model": "admin.logentry",
    "pk": 339,
    "fields": {
      "action_time": "2023-02-14T12:53:29.619Z",
      "user": 1,
      "content_type": 10,
      "object_id": "2672",
      "object_repr": "Match object (2672)",
      "action_flag": 3,
      "change_message": ""
    }
  },
  {
    "model": "admin.logentry",
    "pk": 340,
    "fields": {
      "action_time": "2023-02-14T12:53:29.668Z",
      "user": 1,
      "content_type": 10,
      "object_id": "2671",
      "object_repr": "Match object (2671)",
      "action_flag": 3,
      "change_message": ""
    }
  },
  {
    "model": "admin.logentry",
    "pk": 341,
    "fields": {
      "action_time": "2023-02-14T12:53:29.716Z",
      "user": 1,
      "content_type": 10,
      "object_id": "2670",
      "object_repr": "Match object (2670)",
      "action_flag": 3,
      "change_message": ""
    }
  },
  {
    "model": "admin.logentry",
    "pk": 342,
    "fields": {
      "action_time": "2023-02-14T12:53:29.765Z",
      "user": 1,
      "content_type": 10,
      "object_id": "2669",
      "object_repr": "Match object (2669)",
      "action_flag": 3,
      "change_message": ""
    }
  },
  {
    "model": "admin.logentry",
    "pk": 343,
    "fields": {
      "action_time": "2023-02-14T12:53:29.849Z",
      "user": 1,
      "content_type": 10,
      "object_id": "2668",
      "object_repr": "Match object (2668)",
      "action_flag": 3,
      "change_message": ""
    }
  },
  {
    "model": "admin.logentry",
    "pk": 344,
    "fields": {
      "action_time": "2023-02-14T12:53:29.898Z",
      "user": 1,
      "content_type": 10,
      "object_id": "2667",
      "object_repr": "Match object (2667)",
      "action_flag": 3,
      "change_message": ""
    }
  },
  {
    "model": "admin.logentry",
    "pk": 345,
    "fields": {
      "action_time": "2023-02-14T12:53:29.946Z",
      "user": 1,
      "content_type": 10,
      "object_id": "2666",
      "object_repr": "Match object (2666)",
      "action_flag": 3,
      "change_message": ""
    }
  },
  {
    "model": "admin.logentry",
    "pk": 346,
    "fields": {
      "action_time": "2023-02-14T12:53:29.994Z",
      "user": 1,
      "content_type": 10,
      "object_id": "2665",
      "object_repr": "Match object (2665)",
      "action_flag": 3,
      "change_message": ""
    }
  },
  {
    "model": "admin.logentry",
    "pk": 347,
    "fields": {
      "action_time": "2023-02-14T12:53:30.067Z",
      "user": 1,
      "content_type": 10,
      "object_id": "2664",
      "object_repr": "Match object (2664)",
      "action_flag": 3,
      "change_message": ""
    }
  },
  {
    "model": "admin.logentry",
    "pk": 348,
    "fields": {
      "action_time": "2023-02-14T12:53:30.175Z",
      "user": 1,
      "content_type": 10,
      "object_id": "2663",
      "object_repr": "Match object (2663)",
      "action_flag": 3,
      "change_message": ""
    }
  },
  {
    "model": "admin.logentry",
    "pk": 349,
    "fields": {
      "action_time": "2023-02-14T12:53:30.651Z",
      "user": 1,
      "content_type": 10,
      "object_id": "2662",
      "object_repr": "Match object (2662)",
      "action_flag": 3,
      "change_message": ""
    }
  },
  {
    "model": "admin.logentry",
    "pk": 350,
    "fields": {
      "action_time": "2023-02-14T12:53:30.703Z",
      "user": 1,
      "content_type": 10,
      "object_id": "2661",
      "object_repr": "Match object (2661)",
      "action_flag": 3,
      "change_message": ""
    }
  },
  {
    "model": "admin.logentry",
    "pk": 351,
    "fields": {
      "action_time": "2023-02-14T12:53:30.759Z",
      "user": 1,
      "content_type": 10,
      "object_id": "2660",
      "object_repr": "Match object (2660)",
      "action_flag": 3,
      "change_message": ""
    }
  },
  {
    "model": "admin.logentry",
    "pk": 352,
    "fields": {
      "action_time": "2023-02-14T12:53:30.890Z",
      "user": 1,
      "content_type": 10,
      "object_id": "2659",
      "object_repr": "Match object (2659)",
      "action_flag": 3,
      "change_message": ""
    }
  },
  {
    "model": "admin.logentry",
    "pk": 353,
    "fields": {
      "action_time": "2023-02-14T12:53:30.945Z",
      "user": 1,
      "content_type": 10,
      "object_id": "2658",
      "object_repr": "Match object (2658)",
      "action_flag": 3,
      "change_message": ""
    }
  },
  {
    "model": "admin.logentry",
    "pk": 354,
    "fields": {
      "action_time": "2023-02-14T12:53:31.002Z",
      "user": 1,
      "content_type": 10,
      "object_id": "2657",
      "object_repr": "Match object (2657)",
      "action_flag": 3,
      "change_message": ""
    }
  },
  {
    "model": "admin.logentry",
    "pk": 355,
    "fields": {
      "action_time": "2023-02-14T12:53:31.058Z",
      "user": 1,
      "content_type": 10,
      "object_id": "2656",
      "object_repr": "Match object (2656)",
      "action_flag": 3,
      "change_message": ""
    }
  },
  {
    "model": "admin.logentry",
    "pk": 356,
    "fields": {
      "action_time": "2023-02-14T12:53:31.113Z",
      "user": 1,
      "content_type": 10,
      "object_id": "2655",
      "object_repr": "Match object (2655)",
      "action_flag": 3,
      "change_message": ""
    }
  },
  {
    "model": "admin.logentry",
    "pk": 357,
    "fields": {
      "action_time": "2023-02-14T12:53:31.201Z",
      "user": 1,
      "content_type": 10,
      "object_id": "2654",
      "object_repr": "Match object (2654)",
      "action_flag": 3,
      "change_message": ""
    }
  },
  {
    "model": "admin.logentry",
    "pk": 358,
    "fields": {
      "action_time": "2023-02-14T12:53:31.296Z",
      "user": 1,
      "content_type": 10,
      "object_id": "2653",
      "object_repr": "Match object (2653)",
      "action_flag": 3,
      "change_message": ""
    }
  },
  {
    "model": "admin.logentry",
    "pk": 359,
    "fields": {
      "action_time": "2023-02-14T12:53:31.361Z",
      "user": 1,
      "content_type": 10,
      "object_id": "2652",
      "object_repr": "Match object (2652)",
      "action_flag": 3,
      "change_message": ""
    }
  },
  {
    "model": "admin.logentry",
    "pk": 360,
    "fields": {
      "action_time": "2023-02-14T12:53:31.416Z",
      "user": 1,
      "content_type": 10,
      "object_id": "2525",
      "object_repr": "Match object (2525)",
      "action_flag": 3,
      "change_message": ""
    }
  },
  {
    "model": "admin.logentry",
    "pk": 361,
    "fields": {
      "action_time": "2023-02-14T12:53:31.473Z",
      "user": 1,
      "content_type": 10,
      "object_id": "2524",
      "object_repr": "Match object (2524)",
      "action_flag": 3,
      "change_message": ""
    }
  },
  {
    "model": "admin.logentry",
    "pk": 362,
    "fields": {
      "action_time": "2023-02-14T12:53:31.529Z",
      "user": 1,
      "content_type": 10,
      "object_id": "2523",
      "object_repr": "Match object (2523)",
      "action_flag": 3,
      "change_message": ""
    }
  },
  {
    "model": "admin.logentry",
    "pk": 363,
    "fields": {
      "action_time": "2023-02-14T12:53:31.588Z",
      "user": 1,
      "content_type": 10,
      "object_id": "2522",
      "object_repr": "Match object (2522)",
      "action_flag": 3,
      "change_message": ""
    }
  },
  {
    "model": "admin.logentry",
    "pk": 364,
    "fields": {
      "action_time": "2023-02-14T12:53:31.644Z",
      "user": 1,
      "content_type": 10,
      "object_id": "2521",
      "object_repr": "Match object (2521)",
      "action_flag": 3,
      "change_message": ""
    }
  },
  {
    "model": "admin.logentry",
    "pk": 365,
    "fields": {
      "action_time": "2023-02-14T12:53:31.700Z",
      "user": 1,
      "content_type": 10,
      "object_id": "2520",
      "object_repr": "Match object (2520)",
      "action_flag": 3,
      "change_message": ""
    }
  },
  {
    "model": "admin.logentry",
    "pk": 366,
    "fields": {
      "action_time": "2023-02-14T12:53:31.756Z",
      "user": 1,
      "content_type": 10,
      "object_id": "2519",
      "object_repr": "Match object (2519)",
      "action_flag": 3,
      "change_message": ""
    }
  },
  {
    "model": "admin.logentry",
    "pk": 367,
    "fields": {
      "action_time": "2023-02-14T12:53:31.816Z",
      "user": 1,
      "content_type": 10,
      "object_id": "2518",
      "object_repr": "Match object (2518)",
      "action_flag": 3,
      "change_message": ""
    }
  },
  {
    "model": "admin.logentry",
    "pk": 368,
    "fields": {
      "action_time": "2023-02-14T12:53:31.875Z",
      "user": 1,
      "content_type": 10,
      "object_id": "2517",
      "object_repr": "Match object (2517)",
      "action_flag": 3,
      "change_message": ""
    }
  },
  {
    "model": "admin.logentry",
    "pk": 369,
    "fields": {
      "action_time": "2023-02-14T12:53:31.935Z",
      "user": 1,
      "content_type": 10,
      "object_id": "2516",
      "object_repr": "Match object (2516)",
      "action_flag": 3,
      "change_message": ""
    }
  },
  {
    "model": "admin.logentry",
    "pk": 370,
    "fields": {
      "action_time": "2023-02-14T12:53:31.998Z",
      "user": 1,
      "content_type": 10,
      "object_id": "2515",
      "object_repr": "Match object (2515)",
      "action_flag": 3,
      "change_message": ""
    }
  },
  {
    "model": "admin.logentry",
    "pk": 371,
    "fields": {
      "action_time": "2023-02-14T12:53:32.062Z",
      "user": 1,
      "content_type": 10,
      "object_id": "2514",
      "object_repr": "Match object (2514)",
      "action_flag": 3,
      "change_message": ""
    }
  },
  {
    "model": "admin.logentry",
    "pk": 372,
    "fields": {
      "action_time": "2023-02-14T12:53:32.125Z",
      "user": 1,
      "content_type": 10,
      "object_id": "2513",
      "object_repr": "Match object (2513)",
      "action_flag": 3,
      "change_message": ""
    }
  },
  {
    "model": "admin.logentry",
    "pk": 373,
    "fields": {
      "action_time": "2023-02-14T12:53:32.188Z",
      "user": 1,
      "content_type": 10,
      "object_id": "2512",
      "object_repr": "Match object (2512)",
      "action_flag": 3,
      "change_message": ""
    }
  },
  {
    "model": "admin.logentry",
    "pk": 374,
    "fields": {
      "action_time": "2023-02-14T12:53:32.252Z",
      "user": 1,
      "content_type": 10,
      "object_id": "2511",
      "object_repr": "Match object (2511)",
      "action_flag": 3,
      "change_message": ""
    }
  },
  {
    "model": "admin.logentry",
    "pk": 375,
    "fields": {
      "action_time": "2023-02-14T12:53:32.315Z",
      "user": 1,
      "content_type": 10,
      "object_id": "2510",
      "object_repr": "Match object (2510)",
      "action_flag": 3,
      "change_message": ""
    }
  },
  {
    "model": "admin.logentry",
    "pk": 376,
    "fields": {
      "action_time": "2023-02-14T12:53:32.378Z",
      "user": 1,
      "content_type": 10,
      "object_id": "2509",
      "object_repr": "Match object (2509)",
      "action_flag": 3,
      "change_message": ""
    }
  },
  {
    "model": "admin.logentry",
    "pk": 377,
    "fields": {
      "action_time": "2023-02-14T12:53:32.442Z",
      "user": 1,
      "content_type": 10,
      "object_id": "2508",
      "object_repr": "Match object (2508)",
      "action_flag": 3,
      "change_message": ""
    }
  },
  {
    "model": "admin.logentry",
    "pk": 378,
    "fields": {
      "action_time": "2023-02-14T12:53:32.552Z",
      "user": 1,
      "content_type": 10,
      "object_id": "2507",
      "object_repr": "Match object (2507)",
      "action_flag": 3,
      "change_message": ""
    }
  },
  {
    "model": "admin.logentry",
    "pk": 379,
    "fields": {
      "action_time": "2023-02-14T12:53:32.616Z",
      "user": 1,
      "content_type": 10,
      "object_id": "2506",
      "object_repr": "Match object (2506)",
      "action_flag": 3,
      "change_message": ""
    }
  },
  {
    "model": "admin.logentry",
    "pk": 380,
    "fields": {
      "action_time": "2023-02-14T12:53:32.679Z",
      "user": 1,
      "content_type": 10,
      "object_id": "2505",
      "object_repr": "Match object (2505)",
      "action_flag": 3,
      "change_message": ""
    }
  },
  {
    "model": "admin.logentry",
    "pk": 381,
    "fields": {
      "action_time": "2023-02-14T12:53:32.743Z",
      "user": 1,
      "content_type": 10,
      "object_id": "2504",
      "object_repr": "Match object (2504)",
      "action_flag": 3,
      "change_message": ""
    }
  },
  {
    "model": "admin.logentry",
    "pk": 382,
    "fields": {
      "action_time": "2023-02-14T12:53:32.818Z",
      "user": 1,
      "content_type": 10,
      "object_id": "2503",
      "object_repr": "Match object (2503)",
      "action_flag": 3,
      "change_message": ""
    }
  },
  {
    "model": "admin.logentry",
    "pk": 383,
    "fields": {
      "action_time": "2023-02-14T12:53:32.894Z",
      "user": 1,
      "content_type": 10,
      "object_id": "2502",
      "object_repr": "Match object (2502)",
      "action_flag": 3,
      "change_message": ""
    }
  },
  {
    "model": "admin.logentry",
    "pk": 384,
    "fields": {
      "action_time": "2023-02-14T12:53:32.966Z",
      "user": 1,
      "content_type": 10,
      "object_id": "2501",
      "object_repr": "Match object (2501)",
      "action_flag": 3,
      "change_message": ""
    }
  },
  {
    "model": "admin.logentry",
    "pk": 385,
    "fields": {
      "action_time": "2023-02-14T12:53:33.041Z",
      "user": 1,
      "content_type": 10,
      "object_id": "2500",
      "object_repr": "Match object (2500)",
      "action_flag": 3,
      "change_message": ""
    }
  },
  {
    "model": "admin.logentry",
    "pk": 386,
    "fields": {
      "action_time": "2023-02-14T12:53:33.116Z",
      "user": 1,
      "content_type": 10,
      "object_id": "2499",
      "object_repr": "Match object (2499)",
      "action_flag": 3,
      "change_message": ""
    }
  },
  {
    "model": "admin.logentry",
    "pk": 387,
    "fields": {
      "action_time": "2023-02-14T12:53:33.192Z",
      "user": 1,
      "content_type": 10,
      "object_id": "2498",
      "object_repr": "Match object (2498)",
      "action_flag": 3,
      "change_message": ""
    }
  },
  {
    "model": "admin.logentry",
    "pk": 388,
    "fields": {
      "action_time": "2023-02-14T12:53:33.271Z",
      "user": 1,
      "content_type": 10,
      "object_id": "2497",
      "object_repr": "Match object (2497)",
      "action_flag": 3,
      "change_message": ""
    }
  },
  {
    "model": "admin.logentry",
    "pk": 389,
    "fields": {
      "action_time": "2023-02-14T12:53:33.351Z",
      "user": 1,
      "content_type": 10,
      "object_id": "2496",
      "object_repr": "Match object (2496)",
      "action_flag": 3,
      "change_message": ""
    }
  },
  {
    "model": "admin.logentry",
    "pk": 390,
    "fields": {
      "action_time": "2023-02-15T09:05:42.566Z",
      "user": 1,
      "content_type": 7,
      "object_id": "5",
      "object_repr": "Jaa",
      "action_flag": 2,
      "change_message": "[{\"changed\": {\"fields\": [\"Staff status\"]}}]"
    }
  },
  {
    "model": "auth.permission",
    "pk": 1,
    "fields": {
      "name": "Can add log entry",
      "content_type": 1,
      "codename": "add_logentry"
    }
  },
  {
    "model": "auth.permission",
    "pk": 2,
    "fields": {
      "name": "Can change log entry",
      "content_type": 1,
      "codename": "change_logentry"
    }
  },
  {
    "model": "auth.permission",
    "pk": 3,
    "fields": {
      "name": "Can delete log entry",
      "content_type": 1,
      "codename": "delete_logentry"
    }
  },
  {
    "model": "auth.permission",
    "pk": 4,
    "fields": {
      "name": "Can view log entry",
      "content_type": 1,
      "codename": "view_logentry"
    }
  },
  {
    "model": "auth.permission",
    "pk": 5,
    "fields": {
      "name": "Can add permission",
      "content_type": 2,
      "codename": "add_permission"
    }
  },
  {
    "model": "auth.permission",
    "pk": 6,
    "fields": {
      "name": "Can change permission",
      "content_type": 2,
      "codename": "change_permission"
    }
  },
  {
    "model": "auth.permission",
    "pk": 7,
    "fields": {
      "name": "Can delete permission",
      "content_type": 2,
      "codename": "delete_permission"
    }
  },
  {
    "model": "auth.permission",
    "pk": 8,
    "fields": {
      "name": "Can view permission",
      "content_type": 2,
      "codename": "view_permission"
    }
  },
  {
    "model": "auth.permission",
    "pk": 9,
    "fields": {
      "name": "Can add group",
      "content_type": 3,
      "codename": "add_group"
    }
  },
  {
    "model": "auth.permission",
    "pk": 10,
    "fields": {
      "name": "Can change group",
      "content_type": 3,
      "codename": "change_group"
    }
  },
  {
    "model": "auth.permission",
    "pk": 11,
    "fields": {
      "name": "Can delete group",
      "content_type": 3,
      "codename": "delete_group"
    }
  },
  {
    "model": "auth.permission",
    "pk": 12,
    "fields": {
      "name": "Can view group",
      "content_type": 3,
      "codename": "view_group"
    }
  },
  {
    "model": "auth.permission",
    "pk": 13,
    "fields": {
      "name": "Can add content type",
      "content_type": 4,
      "codename": "add_contenttype"
    }
  },
  {
    "model": "auth.permission",
    "pk": 14,
    "fields": {
      "name": "Can change content type",
      "content_type": 4,
      "codename": "change_contenttype"
    }
  },
  {
    "model": "auth.permission",
    "pk": 15,
    "fields": {
      "name": "Can delete content type",
      "content_type": 4,
      "codename": "delete_contenttype"
    }
  },
  {
    "model": "auth.permission",
    "pk": 16,
    "fields": {
      "name": "Can view content type",
      "content_type": 4,
      "codename": "view_contenttype"
    }
  },
  {
    "model": "auth.permission",
    "pk": 17,
    "fields": {
      "name": "Can add session",
      "content_type": 5,
      "codename": "add_session"
    }
  },
  {
    "model": "auth.permission",
    "pk": 18,
    "fields": {
      "name": "Can change session",
      "content_type": 5,
      "codename": "change_session"
    }
  },
  {
    "model": "auth.permission",
    "pk": 19,
    "fields": {
      "name": "Can delete session",
      "content_type": 5,
      "codename": "delete_session"
    }
  },
  {
    "model": "auth.permission",
    "pk": 20,
    "fields": {
      "name": "Can view session",
      "content_type": 5,
      "codename": "view_session"
    }
  },
  {
    "model": "auth.permission",
    "pk": 21,
    "fields": {
      "name": "Can add team",
      "content_type": 6,
      "codename": "add_team"
    }
  },
  {
    "model": "auth.permission",
    "pk": 22,
    "fields": {
      "name": "Can change team",
      "content_type": 6,
      "codename": "change_team"
    }
  },
  {
    "model": "auth.permission",
    "pk": 23,
    "fields": {
      "name": "Can delete team",
      "content_type": 6,
      "codename": "delete_team"
    }
  },
  {
    "model": "auth.permission",
    "pk": 24,
    "fields": {
      "name": "Can view team",
      "content_type": 6,
      "codename": "view_team"
    }
  },
  {
    "model": "auth.permission",
    "pk": 25,
    "fields": {
      "name": "Can add user",
      "content_type": 7,
      "codename": "add_customuser"
    }
  },
  {
    "model": "auth.permission",
    "pk": 26,
    "fields": {
      "name": "Can change user",
      "content_type": 7,
      "codename": "change_customuser"
    }
  },
  {
    "model": "auth.permission",
    "pk": 27,
    "fields": {
      "name": "Can delete user",
      "content_type": 7,
      "codename": "delete_customuser"
    }
  },
  {
    "model": "auth.permission",
    "pk": 28,
    "fields": {
      "name": "Can view user",
      "content_type": 7,
      "codename": "view_customuser"
    }
  },
  {
    "model": "auth.permission",
    "pk": 29,
    "fields": {
      "name": "Can add player",
      "content_type": 8,
      "codename": "add_player"
    }
  },
  {
    "model": "auth.permission",
    "pk": 30,
    "fields": {
      "name": "Can change player",
      "content_type": 8,
      "codename": "change_player"
    }
  },
  {
    "model": "auth.permission",
    "pk": 31,
    "fields": {
      "name": "Can delete player",
      "content_type": 8,
      "codename": "delete_player"
    }
  },
  {
    "model": "auth.permission",
    "pk": 32,
    "fields": {
      "name": "Can view player",
      "content_type": 8,
      "codename": "view_player"
    }
  },
  {
    "model": "auth.permission",
    "pk": 33,
    "fields": {
      "name": "Can add competition",
      "content_type": 9,
      "codename": "add_competition"
    }
  },
  {
    "model": "auth.permission",
    "pk": 34,
    "fields": {
      "name": "Can change competition",
      "content_type": 9,
      "codename": "change_competition"
    }
  },
  {
    "model": "auth.permission",
    "pk": 35,
    "fields": {
      "name": "Can delete competition",
      "content_type": 9,
      "codename": "delete_competition"
    }
  },
  {
    "model": "auth.permission",
    "pk": 36,
    "fields": {
      "name": "Can view competition",
      "content_type": 9,
      "codename": "view_competition"
    }
  },
  {
    "model": "auth.permission",
    "pk": 37,
    "fields": {
      "name": "Can add match",
      "content_type": 10,
      "codename": "add_match"
    }
  },
  {
    "model": "auth.permission",
    "pk": 38,
    "fields": {
      "name": "Can change match",
      "content_type": 10,
      "codename": "change_match"
    }
  },
  {
    "model": "auth.permission",
    "pk": 39,
    "fields": {
      "name": "Can delete match",
      "content_type": 10,
      "codename": "delete_match"
    }
  },
  {
    "model": "auth.permission",
    "pk": 40,
    "fields": {
      "name": "Can view match",
      "content_type": 10,
      "codename": "view_match"
    }
  },
  {
    "model": "auth.permission",
    "pk": 41,
    "fields": {
      "name": "Can add player in team",
      "content_type": 11,
      "codename": "add_playerinteam"
    }
  },
  {
    "model": "auth.permission",
    "pk": 42,
    "fields": {
      "name": "Can change player in team",
      "content_type": 11,
      "codename": "change_playerinteam"
    }
  },
  {
    "model": "auth.permission",
    "pk": 43,
    "fields": {
      "name": "Can delete player in team",
      "content_type": 11,
      "codename": "delete_playerinteam"
    }
  },
  {
    "model": "auth.permission",
    "pk": 44,
    "fields": {
      "name": "Can view player in team",
      "content_type": 11,
      "codename": "view_playerinteam"
    }
  },
  {
    "model": "auth.group",
    "pk": 1,
    "fields": {
      "name": "Team_owner",
      "permissions": [
        41,
        42,
        43,
        44,
        29,
        30,
        31,
        32,
        21,
        22,
        23,
        24
      ]
    }
  },
  {
    "model": "auth.group",
    "pk": 2,
    "fields": {
      "name": "Tournament_organizer",
      "permissions": [
        33,
        34,
        35,
        36,
        37,
        38,
        39,
        40,
        41,
        42,
        43,
        44,
        29,
        30,
        31,
        32,
        21,
        22,
        23,
        24
      ]
    }
  },
  {
    "model": "contenttypes.contenttype",
    "pk": 1,
    "fields": {
      "app_label": "admin",
      "model": "logentry"
    }
  },
  {
    "model": "contenttypes.contenttype",
    "pk": 2,
    "fields": {
      "app_label": "auth",
      "model": "permission"
    }
  },
  {
    "model": "contenttypes.contenttype",
    "pk": 3,
    "fields": {
      "app_label": "auth",
      "model": "group"
    }
  },
  {
    "model": "contenttypes.contenttype",
    "pk": 4,
    "fields": {
      "app_label": "contenttypes",
      "model": "contenttype"
    }
  },
  {
    "model": "contenttypes.contenttype",
    "pk": 5,
    "fields": {
      "app_label": "sessions",
      "model": "session"
    }
  },
  {
    "model": "contenttypes.contenttype",
    "pk": 6,
    "fields": {
      "app_label": "teams",
      "model": "team"
    }
  },
  {
    "model": "contenttypes.contenttype",
    "pk": 7,
    "fields": {
      "app_label": "users",
      "model": "customuser"
    }
  },
  {
    "model": "contenttypes.contenttype",
    "pk": 8,
    "fields": {
      "app_label": "players",
      "model": "player"
    }
  },
  {
    "model": "contenttypes.contenttype",
    "pk": 9,
    "fields": {
      "app_label": "competitions",
      "model": "competition"
    }
  },
  {
    "model": "contenttypes.contenttype",
    "pk": 10,
    "fields": {
      "app_label": "competitions",
      "model": "match"
    }
  },
  {
    "model": "contenttypes.contenttype",
    "pk": 11,
    "fields": {
      "app_label": "competitions",
      "model": "playerinteam"
    }
  },
  {
    "model": "sessions.session",
    "pk": "4i14clqsa4ha7ncjlba5pqr6ftwzttgq",
    "fields": {
      "session_data": ".eJxVjMsOwiAQRf-FtSFApxRcuvcbyAwzSNWUpI-V8d-1SRe6veec-1IJt7WmbZE5jazOyqrT70aYHzLtgO843ZrObVrnkfSu6IMu-tpYnpfD_TuouNRv3efB9cTi2KPlHqHjXAwYYsAiwXjTeXEFGHIhGx2SA5Low-Ct72JQ7w8Akjgq:1pRTq4:V61-zFhGJ1ibt0wkJq11ZunjXKZ5rJTkFLy1pyuo_mI",
      "expire_date": "2023-02-27T08:05:28.499Z"
    }
  },
  {
    "model": "sessions.session",
    "pk": "fudem9znxnr1udefie1z8av2rgwksfpn",
    "fields": {
      "session_data": ".eJxVjMsOwiAQRf-FtSFApxRcuvcbyAwzSNWUpI-V8d-1SRe6veec-1IJt7WmbZE5jazOyqrT70aYHzLtgO843ZrObVrnkfSu6IMu-tpYnpfD_TuouNRv3efB9cTi2KPlHqHjXAwYYsAiwXjTeXEFGHIhGx2SA5Low-Ct72JQ7w8Akjgq:1pRWDj:Q7wfi_suoe71FNrA6iAY8A1FuA9TjMOk1cBgn6CHh40",
      "expire_date": "2023-02-27T10:38:03.247Z"
    }
  },
  {
    "model": "sessions.session",
    "pk": "ppiz57bdv524qvcnggw0qv5l5kwfto6w",
    "fields": {
      "session_data": ".eJxVjMsOwiAQRf-FtSFApxRcuvcbyAwzSNWUpI-V8d-1SRe6veec-1IJt7WmbZE5jazOyqrT70aYHzLtgO843ZrObVrnkfSu6IMu-tpYnpfD_TuouNRv3efB9cTi2KPlHqHjXAwYYsAiwXjTeXEFGHIhGx2SA5Low-Ct72JQ7w8Akjgq:1pRYkg:3G20bQrhyNEc02Ka3cwBR6S5vicgoLwPR5vdbg4q7lk",
      "expire_date": "2023-02-27T13:20:14.707Z"
    }
  },
  {
    "model": "sessions.session",
    "pk": "sxyyx0ltx1mgk5jnoh0ss4sw5gvxgoxc",
    "fields": {
      "session_data": ".eJxVjMsOwiAQRf-FtSFApxRcuvcbyAwzSNWUpI-V8d-1SRe6veec-1IJt7WmbZE5jazOyqrT70aYHzLtgO843ZrObVrnkfSu6IMu-tpYnpfD_TuouNRv3efB9cTi2KPlHqHjXAwYYsAiwXjTeXEFGHIhGx2SA5Low-Ct72JQ7w8Akjgq:1pQoDt:tFQ0f_2-6_GdP8KmTiK2IUWQ7OCpRu441wk7ysUiKio",
      "expire_date": "2023-02-25T11:39:17.204Z"
    }
  },
  {
    "model": "sessions.session",
    "pk": "vtayl9r6kklz1yjtb7ng59bq9jgu978w",
    "fields": {
      "session_data": ".eJxVjMsOwiAQRf-FtSFApxRcuvcbyAwzSNWUpI-V8d-1SRe6veec-1IJt7WmbZE5jazOyqrT70aYHzLtgO843ZrObVrnkfSu6IMu-tpYnpfD_TuouNRv3efB9cTi2KPlHqHjXAwYYsAiwXjTeXEFGHIhGx2SA5Low-Ct72JQ7w8Akjgq:1pSE6i:wdAr2Dbq20BMa8CRhn1PdVqzOSorcaR6d60aGgtModM",
      "expire_date": "2023-03-01T09:29:44.869Z"
    }
  },
  {
    "model": "teams.team",
    "pk": 1,
    "fields": {
      "team_name": "Druyna A",
      "owner": 1
    }
  },
  {
    "model": "teams.team",
    "pk": 2,
    "fields": {
      "team_name": "Druyna B",
      "owner": 1
    }
  },
  {
    "model": "teams.team",
    "pk": 3,
    "fields": {
      "team_name": "Druyna C",
      "owner": 1
    }
  },
  {
    "model": "teams.team",
    "pk": 4,
    "fields": {
      "team_name": "Druyna D",
      "owner": 1
    }
  },
  {
    "model": "teams.team",
    "pk": 5,
    "fields": {
      "team_name": "Druyna E",
      "owner": 1
    }
  },
  {
    "model": "teams.team",
    "pk": 6,
    "fields": {
      "team_name": "Druyna F",
      "owner": 1
    }
  },
  {
    "model": "teams.team",
    "pk": 9,
    "fields": {
      "team_name": "Druyna H",
      "owner": 2
    }
  },
  {
    "model": "teams.team",
    "pk": 10,
    "fields": {
      "team_name": "Druyna I",
      "owner": 2
    }
  },
  {
    "model": "teams.team",
    "pk": 12,
    "fields": {
      "team_name": "Druyna Q",
      "owner": 6
    }
  },
  {
    "model": "teams.team",
    "pk": 13,
    "fields": {
      "team_name": "Druyna G",
      "owner": 5
    }
  },
  {
    "model": "users.customuser",
    "pk": 1,
    "fields": {
      "password": "pbkdf2_sha256$390000$FJ4tXGWaltAcJdrNnALLf4$iLZNH4n64OKdZvrVSQgJ7EPDyF8zOHk9YvM364byFuA=",
      "last_login": "2023-02-15T09:29:44.819Z",
      "is_superuser": true,
      "username": "Administrator",
      "first_name": "",
      "last_name": "",
      "email": "",
      "is_staff": true,
      "is_active": true,
      "date_joined": "2023-02-10T11:10:46.775Z",
      "groups": [
        1,
        2
      ],
      "user_permissions": []
    }
  },
  {
    "model": "users.customuser",
    "pk": 2,
    "fields": {
      "password": "pbkdf2_sha256$390000$kG5nCzOn7sI1n4C5b1v0Tr$hg4z9mm4CXtU55DLJMWhxTFsYK4w14HeEH85gvGo6Vc=",
      "last_login": "2023-02-13T07:28:31.807Z",
      "is_superuser": false,
      "username": "b@b.pl",
      "first_name": "",
      "last_name": "",
      "email": "b@b.pl",
      "is_staff": false,
      "is_active": true,
      "date_joined": "2023-02-13T07:28:28.472Z",
      "groups": [
        2
      ],
      "user_permissions": []
    }
  },
  {
    "model": "users.customuser",
    "pk": 4,
    "fields": {
      "password": "pbkdf2_sha256$390000$7OqK4KFEc7CU2u0RU9lBKw$iAK6GtfCH5F0c6tFcwfBSsW2eLnbqzb+XE2C9CbIDlk=",
      "last_login": null,
      "is_superuser": false,
      "username": "Ja",
      "first_name": "",
      "last_name": "",
      "email": "a@a.pl",
      "is_staff": false,
      "is_active": true,
      "date_joined": "2023-02-14T13:09:23.569Z",
      "groups": [],
      "user_permissions": []
    }
  },
  {
    "model": "users.customuser",
    "pk": 5,
    "fields": {
      "password": "pbkdf2_sha256$390000$Z4jhYpOdI6PKsOs6lE7OST$qxp7iGAsgBCXvDqDaq0H4Wne7p17DQH87OoAC/OKtB0=",
      "last_login": "2023-02-15T09:07:37.716Z",
      "is_superuser": false,
      "username": "Jaa",
      "first_name": "",
      "last_name": "",
      "email": "c@c.pl",
      "is_staff": true,
      "is_active": true,
      "date_joined": "2023-02-14T13:11:36Z",
      "groups": [
        1,
        2
      ],
      "user_permissions": []
    }
  },
  {
    "model": "users.customuser",
    "pk": 6,
    "fields": {
      "password": "pbkdf2_sha256$390000$MEJzAcJcfKAPx2qNtGN1G5$UQvlgVzCguktlacxxi3dxhCPccbXh5B8Zr5kvInpXL0=",
      "last_login": "2023-02-14T13:17:12.587Z",
      "is_superuser": false,
      "username": "QQ",
      "first_name": "",
      "last_name": "",
      "email": "q@q.pl",
      "is_staff": false,
      "is_active": true,
      "date_joined": "2023-02-14T13:17:04.295Z",
      "groups": [
        1,
        2
      ],
      "user_permissions": []
    }
  },
  {
    "model": "players.player",
    "pk": 2,
    "fields": {
      "fullname": "Jarosaw Z",
      "date_of_birth": "2000-02-14"
    }
  },
  {
    "model": "players.player",
    "pk": 3,
    "fields": {
      "fullname": "Jarosaw W",
      "date_of_birth": "1986-05-25"
    }
  },
  {
    "model": "players.player",
    "pk": 4,
    "fields": {
      "fullname": "Andrzej S",
      "date_of_birth": "1977-03-28"
    }
  },
  {
    "model": "players.player",
    "pk": 5,
    "fields": {
      "fullname": "Adam Adam",
      "date_of_birth": "1911-11-11"
    }
  },
  {
    "model": "competitions.competition",
    "pk": 1,
    "fields": {
      "competition_name": "ABCDEF",
      "owner": 1,
      "teams": [
        1,
        2,
        3,
        4,
        5,
        6
      ]
    }
  },
  {
    "model": "competitions.competition",
    "pk": 4,
    "fields": {
      "competition_name": "ABCDEFG",
      "owner": 1,
      "teams": [
        1,
        2,
        3,
        4,
        5,
        6,
        13
      ]
    }
  },
  {
    "model": "competitions.competition",
    "pk": 5,
    "fields": {
      "competition_name": "Puchar",
      "owner": 5,
      "teams": [
        9,
        10
      ]
    }
  },
  {
    "model": "competitions.competition",
    "pk": 6,
    "fields": {
      "competition_name": "Puchar Q",
      "owner": 6,
      "teams": [
        9,
        10,
        12
      ]
    }
  },
  {
    "model": "competitions.match",
    "pk": 2756,
    "fields": {
      "match_date": null,
      "home_team": 12,
      "away_team": 10,
      "competition": 6,
      "home_goal": null,
      "away_goal": null
    }
  },
  {
    "model": "competitions.match",
    "pk": 2759,
    "fields": {
      "match_date": null,
      "home_team": 12,
      "away_team": 9,
      "competition": 6,
      "home_goal": null,
      "away_goal": null
    }
  },
  {
    "model": "competitions.match",
    "pk": 2760,
    "fields": {
      "match_date": null,
      "home_team": 9,
      "away_team": 10,
      "competition": 6,
      "home_goal": null,
      "away_goal": null
    }
  },
  {
    "model": "competitions.match",
    "pk": 2762,
    "fields": {
      "match_date": null,
      "home_team": 10,
      "away_team": 12,
      "competition": 6,
      "home_goal": null,
      "away_goal": null
    }
  },
  {
    "model": "competitions.match",
    "pk": 2765,
    "fields": {
      "match_date": null,
      "home_team": 9,
      "away_team": 12,
      "competition": 6,
      "home_goal": null,
      "away_goal": null
    }
  },
  {
    "model": "competitions.match",
    "pk": 2766,
    "fields": {
      "match_date": null,
      "home_team": 10,
      "away_team": 9,
      "competition": 6,
      "home_goal": null,
      "away_goal": null
    }
  },
  {
    "model": "competitions.match",
    "pk": 2770,
    "fields": {
      "match_date": null,
      "home_team": 10,
      "away_team": 9,
      "competition": 5,
      "home_goal": null,
      "away_goal": null
    }
  },
  {
    "model": "competitions.match",
    "pk": 2771,
    "fields": {
      "match_date": "2023-01-31T08:00:00Z",
      "home_team": 5,
      "away_team": 4,
      "competition": 1,
      "home_goal": 4,
      "away_goal": 1
    }
  },
  {
    "model": "competitions.match",
    "pk": 2772,
    "fields": {
      "match_date": "2023-01-31T09:00:00Z",
      "home_team": 1,
      "away_team": 6,
      "competition": 1,
      "home_goal": 7,
      "away_goal": 2
    }
  },
  {
    "model": "competitions.match",
    "pk": 2773,
    "fields": {
      "match_date": "2023-01-31T10:00:00Z",
      "home_team": 2,
      "away_team": 3,
      "competition": 1,
      "home_goal": 9,
      "away_goal": 1
    }
  },
  {
    "model": "competitions.match",
    "pk": 2774,
    "fields": {
      "match_date": "2023-02-05T08:00:00Z",
      "home_team": 6,
      "away_team": 5,
      "competition": 1,
      "home_goal": 4,
      "away_goal": 4
    }
  },
  {
    "model": "competitions.match",
    "pk": 2775,
    "fields": {
      "match_date": "2023-02-05T09:00:00Z",
      "home_team": 3,
      "away_team": 4,
      "competition": 1,
      "home_goal": 2,
      "away_goal": 7
    }
  },
  {
    "model": "competitions.match",
    "pk": 2776,
    "fields": {
      "match_date": "2023-02-05T10:00:00Z",
      "home_team": 2,
      "away_team": 1,
      "competition": 1,
      "home_goal": 0,
      "away_goal": 11
    }
  },
  {
    "model": "competitions.match",
    "pk": 2777,
    "fields": {
      "match_date": "2023-02-18T08:00:00Z",
      "home_team": 5,
      "away_team": 3,
      "competition": 1,
      "home_goal": null,
      "away_goal": null
    }
  },
  {
    "model": "competitions.match",
    "pk": 2778,
    "fields": {
      "match_date": "2023-02-18T09:00:00Z",
      "home_team": 6,
      "away_team": 2,
      "competition": 1,
      "home_goal": null,
      "away_goal": null
    }
  },
  {
    "model": "competitions.match",
    "pk": 2779,
    "fields": {
      "match_date": "2023-02-18T10:00:00Z",
      "home_team": 4,
      "away_team": 1,
      "competition": 1,
      "home_goal": null,
      "away_goal": null
    }
  },
  {
    "model": "competitions.match",
    "pk": 2780,
    "fields": {
      "match_date": null,
      "home_team": 2,
      "away_team": 5,
      "competition": 1,
      "home_goal": null,
      "away_goal": null
    }
  },
  {
    "model": "competitions.match",
    "pk": 2781,
    "fields": {
      "match_date": null,
      "home_team": 1,
      "away_team": 3,
      "competition": 1,
      "home_goal": null,
      "away_goal": null
    }
  },
  {
    "model": "competitions.match",
    "pk": 2782,
    "fields": {
      "match_date": null,
      "home_team": 4,
      "away_team": 6,
      "competition": 1,
      "home_goal": null,
      "away_goal": null
    }
  },
  {
    "model": "competitions.match",
    "pk": 2783,
    "fields": {
      "match_date": null,
      "home_team": 5,
      "away_team": 1,
      "competition": 1,
      "home_goal": null,
      "away_goal": null
    }
  },
  {
    "model": "competitions.match",
    "pk": 2784,
    "fields": {
      "match_date": null,
      "home_team": 2,
      "away_team": 4,
      "competition": 1,
      "home_goal": null,
      "away_goal": null
    }
  },
  {
    "model": "competitions.match",
    "pk": 2785,
    "fields": {
      "match_date": null,
      "home_team": 3,
      "away_team": 6,
      "competition": 1,
      "home_goal": null,
      "away_goal": null
    }
  },
  {
    "model": "competitions.match",
    "pk": 2828,
    "fields": {
      "match_date": "2022-12-31T06:00:00Z",
      "home_team": 4,
      "away_team": 6,
      "competition": 4,
      "home_goal": 3,
      "away_goal": 8
    }
  },
  {
    "model": "competitions.match",
    "pk": 2829,
    "fields": {
      "match_date": "2022-12-31T06:00:00Z",
      "home_team": 13,
      "away_team": 3,
      "competition": 4,
      "home_goal": 4,
      "away_goal": 8
    }
  },
  {
    "model": "competitions.match",
    "pk": 2830,
    "fields": {
      "match_date": "2022-12-31T07:00:00Z",
      "home_team": 5,
      "away_team": 2,
      "competition": 4,
      "home_goal": 7,
      "away_goal": 9
    }
  },
  {
    "model": "competitions.match",
    "pk": 2831,
    "fields": {
      "match_date": "2022-12-31T10:00:00Z",
      "home_team": 1,
      "away_team": 4,
      "competition": 4,
      "home_goal": 13,
      "away_goal": 8
    }
  },
  {
    "model": "competitions.match",
    "pk": 2832,
    "fields": {
      "match_date": null,
      "home_team": 6,
      "away_team": 5,
      "competition": 4,
      "home_goal": null,
      "away_goal": null
    }
  },
  {
    "model": "competitions.match",
    "pk": 2833,
    "fields": {
      "match_date": null,
      "home_team": 3,
      "away_team": 2,
      "competition": 4,
      "home_goal": null,
      "away_goal": null
    }
  },
  {
    "model": "competitions.match",
    "pk": 2834,
    "fields": {
      "match_date": null,
      "home_team": 13,
      "away_team": 1,
      "competition": 4,
      "home_goal": null,
      "away_goal": null
    }
  },
  {
    "model": "competitions.match",
    "pk": 2835,
    "fields": {
      "match_date": null,
      "home_team": 5,
      "away_team": 4,
      "competition": 4,
      "home_goal": null,
      "away_goal": null
    }
  },
  {
    "model": "competitions.match",
    "pk": 2836,
    "fields": {
      "match_date": null,
      "home_team": 3,
      "away_team": 6,
      "competition": 4,
      "home_goal": null,
      "away_goal": null
    }
  },
  {
    "model": "competitions.match",
    "pk": 2837,
    "fields": {
      "match_date": null,
      "home_team": 1,
      "away_team": 5,
      "competition": 4,
      "home_goal": null,
      "away_goal": null
    }
  },
  {
    "model": "competitions.match",
    "pk": 2838,
    "fields": {
      "match_date": null,
      "home_team": 13,
      "away_team": 2,
      "competition": 4,
      "home_goal": null,
      "away_goal": null
    }
  },
  {
    "model": "competitions.match",
    "pk": 2839,
    "fields": {
      "match_date": null,
      "home_team": 4,
      "away_team": 3,
      "competition": 4,
      "home_goal": null,
      "away_goal": null
    }
  },
  {
    "model": "competitions.match",
    "pk": 2840,
    "fields": {
      "match_date": null,
      "home_team": 2,
      "away_team": 1,
      "competition": 4,
      "home_goal": null,
      "away_goal": null
    }
  },
  {
    "model": "competitions.match",
    "pk": 2841,
    "fields": {
      "match_date": null,
      "home_team": 3,
      "away_team": 5,
      "competition": 4,
      "home_goal": null,
      "away_goal": null
    }
  },
  {
    "model": "competitions.match",
    "pk": 2842,
    "fields": {
      "match_date": null,
      "home_team": 6,
      "away_team": 13,
      "competition": 4,
      "home_goal": null,
      "away_goal": null
    }
  },
  {
    "model": "competitions.match",
    "pk": 2843,
    "fields": {
      "match_date": null,
      "home_team": 1,
      "away_team": 3,
      "competition": 4,
      "home_goal": null,
      "away_goal": null
    }
  },
  {
    "model": "competitions.match",
    "pk": 2844,
    "fields": {
      "match_date": null,
      "home_team": 2,
      "away_team": 6,
      "competition": 4,
      "home_goal": null,
      "away_goal": null
    }
  },
  {
    "model": "competitions.match",
    "pk": 2845,
    "fields": {
      "match_date": null,
      "home_team": 13,
      "away_team": 4,
      "competition": 4,
      "home_goal": null,
      "away_goal": null
    }
  },
  {
    "model": "competitions.match",
    "pk": 2846,
    "fields": {
      "match_date": null,
      "home_team": 6,
      "away_team": 1,
      "competition": 4,
      "home_goal": null,
      "away_goal": null
    }
  },
  {
    "model": "competitions.match",
    "pk": 2847,
    "fields": {
      "match_date": null,
      "home_team": 4,
      "away_team": 2,
      "competition": 4,
      "home_goal": null,
      "away_goal": null
    }
  },
  {
    "model": "competitions.match",
    "pk": 2848,
    "fields": {
      "match_date": null,
      "home_team": 13,
      "away_team": 5,
      "competition": 4,
      "home_goal": null,
      "away_goal": null
    }
  },
  {
    "model": "competitions.match",
    "pk": 2849,
    "fields": {
      "match_date": null,
      "home_team": 6,
      "away_team": 4,
      "competition": 4,
      "home_goal": null,
      "away_goal": null
    }
  },
  {
    "model": "competitions.match",
    "pk": 2850,
    "fields": {
      "match_date": null,
      "home_team": 3,
      "away_team": 13,
      "competition": 4,
      "home_goal": null,
      "away_goal": null
    }
  },
  {
    "model": "competitions.match",
    "pk": 2851,
    "fields": {
      "match_date": null,
      "home_team": 2,
      "away_team": 5,
      "competition": 4,
      "home_goal": null,
      "away_goal": null
    }
  },
  {
    "model": "competitions.match",
    "pk": 2852,
    "fields": {
      "match_date": null,
      "home_team": 4,
      "away_team": 1,
      "competition": 4,
      "home_goal": null,
      "away_goal": null
    }
  },
  {
    "model": "competitions.match",
    "pk": 2853,
    "fields": {
      "match_date": null,
      "home_team": 5,
      "away_team": 6,
      "competition": 4,
      "home_goal": null,
      "away_goal": null
    }
  },
  {
    "model": "competitions.match",
    "pk": 2854,
    "fields": {
      "match_date": null,
      "home_team": 2,
      "away_team": 3,
      "competition": 4,
      "home_goal": null,
      "away_goal": null
    }
  },
  {
    "model": "competitions.match",
    "pk": 2855,
    "fields": {
      "match_date": null,
      "home_team": 1,
      "away_team": 13,
      "competition": 4,
      "home_goal": null,
      "away_goal": null
    }
  },
  {
    "model": "competitions.match",
    "pk": 2856,
    "fields": {
      "match_date": null,
      "home_team": 4,
      "away_team": 5,
      "competition": 4,
      "home_goal": null,
      "away_goal": null
    }
  },
  {
    "model": "competitions.match",
    "pk": 2857,
    "fields": {
      "match_date": null,
      "home_team": 6,
      "away_team": 3,
      "competition": 4,
      "home_goal": null,
      "away_goal": null
    }
  },
  {
    "model": "competitions.match",
    "pk": 2858,
    "fields": {
      "match_date": null,
      "home_team": 5,
      "away_team": 1,
      "competition": 4,
      "home_goal": null,
      "away_goal": null
    }
  },
  {
    "model": "competitions.match",
    "pk": 2859,
    "fields": {
      "match_date": null,
      "home_team": 2,
      "away_team": 13,
      "competition": 4,
      "home_goal": null,
      "away_goal": null
    }
  },
  {
    "model": "competitions.match",
    "pk": 2860,
    "fields": {
      "match_date": null,
      "home_team": 3,
      "away_team": 4,
      "competition": 4,
      "home_goal": null,
      "away_goal": null
    }
  },
  {
    "model": "competitions.match",
    "pk": 2861,
    "fields": {
      "match_date": null,
      "home_team": 1,
      "away_team": 2,
      "competition": 4,
      "home_goal": null,
      "away_goal": null
    }
  },
  {
    "model": "competitions.match",
    "pk": 2862,
    "fields": {
      "match_date": null,
      "home_team": 5,
      "away_team": 3,
      "competition": 4,
      "home_goal": null,
      "away_goal": null
    }
  },
  {
    "model": "competitions.match",
    "pk": 2863,
    "fields": {
      "match_date": null,
      "home_team": 13,
      "away_team": 6,
      "competition": 4,
      "home_goal": null,
      "away_goal": null
    }
  },
  {
    "model": "competitions.match",
    "pk": 2864,
    "fields": {
      "match_date": null,
      "home_team": 3,
      "away_team": 1,
      "competition": 4,
      "home_goal": null,
      "away_goal": null
    }
  },
  {
    "model": "competitions.match",
    "pk": 2865,
    "fields": {
      "match_date": null,
      "home_team": 6,
      "away_team": 2,
      "competition": 4,
      "home_goal": null,
      "away_goal": null
    }
  },
  {
    "model": "competitions.match",
    "pk": 2866,
    "fields": {
      "match_date": null,
      "home_team": 4,
      "away_team": 13,
      "competition": 4,
      "home_goal": null,
      "away_goal": null
    }
  },
  {
    "model": "competitions.match",
    "pk": 2867,
    "fields": {
      "match_date": null,
      "home_team": 1,
      "away_team": 6,
      "competition": 4,
      "home_goal": null,
      "away_goal": null
    }
  },
  {
    "model": "competitions.match",
    "pk": 2868,
    "fields": {
      "match_date": null,
      "home_team": 2,
      "away_team": 4,
      "competition": 4,
      "home_goal": null,
      "away_goal": null
    }
  },
  {
    "model": "competitions.match",
    "pk": 2869,
    "fields": {
      "match_date": null,
      "home_team": 5,
      "away_team": 13,
      "competition": 4,
      "home_goal": null,
      "away_goal": null
    }
  },
  {
    "model": "competitions.playerinteam",
    "pk": 1,
    "fields": {
      "team": 12,
      "player": 5,
      "season": 6
    }
  },
  {
    "model": "competitions.playerinteam",
    "pk": 2,
    "fields": {
      "team": 1,
      "player": 2,
      "season": 1
    }
  },
  {
    "model": "competitions.playerinteam",
    "pk": 3,
    "fields": {
      "team": 1,
      "player": 2,
      "season": 4
    }
  },
  {
    "model": "competitions.playerinteam",
    "pk": 4,
    "fields": {
      "team": 13,
      "player": 4,
      "season": 4
    }
  }
]